,date,ticker,eps,wallstreet_estimates,fiscal_year,fiscal_quarter,beat
0,2014-10-29,FFIV,1.57,1.4769999999999999,2014,4,1
1,2014-07-23,FFIV,1.39,1.348,2014,3,1
2,2014-04-23,FFIV,1.27,1.25,2014,2,1
3,2014-01-22,FFIV,1.22,1.193,2014,1,1
4,2013-10-23,FFIV,1.26,1.188,2013,4,1
5,2013-07-24,FFIV,1.12,1.083,2013,3,1
6,2013-04-24,FFIV,1.07,1.088,2013,2,0
7,2013-01-23,FFIV,1.14,1.15,2013,1,0
8,2012-10-24,FFIV,1.12,1.18,2012,4,0
9,2012-07-18,FFIV,1.14,1.14,2012,3,0
10,2012-04-18,FFIV,1.09,1.07,2012,2,1
11,2012-01-18,FFIV,1.03,1.01,2012,1,1
12,2011-10-25,FFIV,1.06,0.98,2011,4,1
13,2011-07-20,FFIV,0.97,0.91,2011,3,1
14,2011-04-20,FFIV,0.88,0.85,2011,2,1
15,2011-01-19,FFIV,0.88,0.83,2011,1,1
16,2010-10-26,FFIV,0.79,0.72,2010,4,1
17,2010-07-21,FFIV,0.66,0.59,2010,3,1
18,2010-03-01,FFIV,0.56,0.54,2010,2,1
19,2009-12-01,FFIV,0.52,0.49,2010,1,1
20,2009-09-01,FFIV,0.5,0.41,2009,4,1
21,2009-06-01,FFIV,0.4,0.37,2009,3,1
22,2009-03-01,FFIV,0.38,0.38,2009,2,0
23,2008-12-01,FFIV,0.4,0.49,2009,1,0
24,2008-09-01,FFIV,0.41,0.2,2008,4,1
25,2008-06-01,FFIV,0.37,0.22,2008,3,1
26,2008-03-01,FFIV,0.35,0.21,2008,2,1
27,2007-12-01,FFIV,0.33,0.21,2008,1,1
28,2007-09-01,FFIV,0.4,0.11,2007,4,1
29,2007-06-01,FFIV,0.255,0.25,2007,3,1
30,2007-03-01,FFIV,0.235,0.23,2007,2,1
31,2006-12-01,FFIV,0.265,0.225,2007,1,1
32,2006-09-01,FFIV,0.215,0.205,2006,4,1
33,2006-06-01,FFIV,0.205,0.205,2006,3,0
34,2006-03-01,FFIV,0.245,0.25,2006,2,0
35,2005-12-01,FFIV,0.235,0.225,2006,1,1
36,2005-09-01,FFIV,0.235,0.19,2005,4,1
37,2005-06-01,FFIV,0.175,0.17,2005,3,1
38,2005-03-01,FFIV,0.155,0.145,2005,2,1
39,2004-12-01,FFIV,0.13,0.105,2005,1,1
40,2004-09-01,FFIV,0.14,0.105,2004,4,1
41,2004-06-01,FFIV,0.1,0.09,2004,3,1
42,2004-03-01,FFIV,0.08,0.07,2004,2,1
43,2003-12-01,FFIV,0.055,0.035,2004,1,1
44,2003-09-01,FFIV,0.025,0.015,2003,4,1
45,2003-06-01,FFIV,0.025,0.02,2003,3,1
46,2003-03-01,FFIV,0.015,0.01,2003,2,1
47,2002-12-01,FFIV,0.01,0.0,2003,1,1
48,2002-09-01,FFIV,0.0,0.0,2002,4,0
49,2002-06-01,FFIV,0.0,0.0,2002,3,0
50,2002-03-01,FFIV,0.0,0.0,2002,2,0
51,2001-12-01,FFIV,0.0,0.0,2002,1,0
52,2001-09-01,FFIV,0.0,0.0,2001,4,0
53,2001-06-01,FFIV,0.0,0.0,2001,3,0
54,2001-03-01,FFIV,0.0,0.0,2001,2,0
55,2000-12-01,FFIV,0.0,0.0,2001,1,0
56,2000-09-01,FFIV,0.08,0.075,2000,4,1
57,2000-06-01,FFIV,0.085,0.083,2000,3,1
58,2000-03-01,FFIV,0.09,0.09,2000,2,0
59,1999-12-01,FFIV,0.09,0.0,2000,1,1
0,2015-01-27,YHOO,0.3,0.297,2014,4,1
1,2014-10-21,YHOO,0.52,0.309,2014,3,1
2,2014-07-15,YHOO,0.37,0.386,2014,2,0
3,2014-04-15,YHOO,0.38,0.373,2014,1,1
4,2014-01-28,YHOO,0.46,0.377,2013,4,1
5,2013-10-15,YHOO,0.34,0.327,2013,3,1
6,2013-07-16,YHOO,0.35,0.309,2013,2,1
7,2013-04-16,YHOO,0.38,0.24600000000000002,2013,1,1
8,2013-01-28,YHOO,0.32,0.28,2012,4,1
9,2012-10-22,YHOO,0.35,0.25,2012,3,1
10,2012-07-17,YHOO,0.27,0.22,2012,2,1
11,2012-04-17,YHOO,0.24,0.17,2012,1,1
12,2012-01-24,YHOO,0.25,0.24,2011,4,1
13,2011-10-18,YHOO,0.21,0.17,2011,3,1
14,2011-07-19,YHOO,0.19,0.18,2011,2,1
15,2011-04-19,YHOO,0.19,0.16,2011,1,1
16,2011-01-25,YHOO,0.26,0.22,2010,4,1
17,2010-10-19,YHOO,0.16,0.15,2010,3,1
18,2010-07-20,YHOO,0.16,0.14,2010,2,1
19,2010-04-20,YHOO,0.16,0.09,2010,1,1
20,2010-01-26,YHOO,0.14,0.11,2009,4,1
21,2009-10-20,YHOO,0.1,0.07,2009,3,1
22,2009-06-01,YHOO,0.1,0.08,2009,2,1
23,2009-03-01,YHOO,0.09,0.08,2009,1,1
24,2008-12-01,YHOO,0.21,0.125,2008,4,1
25,2008-09-01,YHOO,0.15,0.08,2008,3,1
26,2008-06-01,YHOO,0.16,0.1,2008,2,1
27,2008-03-01,YHOO,0.18,0.09,2008,1,1
28,2007-12-01,YHOO,0.13,0.11,2007,4,1
29,2007-09-01,YHOO,0.11,0.08,2007,3,1
30,2007-06-01,YHOO,0.11,0.11,2007,2,0
31,2007-03-01,YHOO,0.1,0.11,2007,1,0
32,2006-12-01,YHOO,0.16,0.13,2006,4,1
33,2006-09-01,YHOO,0.11,0.11,2006,3,0
34,2006-06-01,YHOO,0.16,0.155,2006,2,1
35,2006-03-01,YHOO,0.17,0.16,2006,1,1
36,2005-12-01,YHOO,0.16,0.17,2005,4,0
37,2005-09-01,YHOO,0.16,0.14,2005,3,1
38,2005-06-01,YHOO,0.13,0.13,2005,2,0
39,2005-03-01,YHOO,0.13,0.11,2005,1,1
40,2004-12-01,YHOO,0.13,0.11,2004,4,1
41,2004-09-01,YHOO,0.09,0.09,2004,3,0
42,2004-06-01,YHOO,0.08,0.08,2004,2,0
43,2004-03-01,YHOO,0.065,0.053,2004,1,1
44,2003-12-01,YHOO,0.055,0.05,2003,4,1
45,2003-09-01,YHOO,0.05,0.045,2003,3,1
46,2003-06-01,YHOO,0.04,0.045,2003,2,0
47,2003-03-01,YHOO,0.04,0.03,2003,1,1
48,2002-12-01,YHOO,0.04,0.03,2002,4,1
49,2002-09-01,YHOO,0.025,0.018000000000000002,2002,3,1
50,2002-06-01,YHOO,0.015,0.01,2002,2,1
51,2002-03-01,YHOO,0.01,0.008,2002,1,1
52,2001-12-01,YHOO,0.015,0.005,2001,4,1
53,2001-09-01,YHOO,0.005,0.005,2001,3,0
54,2001-06-01,YHOO,0.005,0.005,2001,2,0
55,2001-03-01,YHOO,0.005,0.0,2001,1,1
56,2000-12-01,YHOO,0.065,0.07,2000,4,0
57,2000-09-01,YHOO,0.065,0.06,2000,3,1
58,2000-06-01,YHOO,0.055,0.0,2000,2,1
59,2000-03-01,YHOO,0.05,0.0,2000,1,1
0,2014-05-06,MCHP,0.64,0.614,2014,4,1
1,2014-01-30,MCHP,0.61,0.601,2014,3,1
2,2013-10-30,MCHP,0.63,0.603,2014,2,1
3,2013-07-31,MCHP,0.57,0.54,2014,1,1
4,2013-05-02,MCHP,0.49,0.466,2013,4,1
5,2013-02-07,MCHP,0.41,0.39399999999999996,2013,3,1
6,2012-11-08,MCHP,0.48,0.48,2013,2,0
7,2012-08-02,MCHP,0.48,0.44,2013,1,1
8,2012-05-03,MCHP,0.46,0.41,2012,4,1
9,2012-02-02,MCHP,0.42,0.37,2012,3,1
10,2011-11-03,MCHP,0.46,0.46,2012,2,0
11,2011-08-04,MCHP,0.55,0.54,2012,1,1
12,2011-05-05,MCHP,0.59,0.57,2011,4,1
13,2011-01-27,MCHP,0.58,0.57,2011,3,1
14,2010-11-04,MCHP,0.63,0.58,2011,2,1
15,2010-08-05,MCHP,0.58,0.51,2011,1,1
16,2010-05-05,MCHP,0.46,0.4,2010,4,1
17,2009-12-01,MCHP,0.38,0.37,2010,3,1
18,2009-09-01,MCHP,0.29,0.24,2010,2,1
19,2009-06-01,MCHP,0.19,0.15,2010,1,1
20,2009-03-01,MCHP,0.15,0.11,2009,4,1
21,2008-12-01,MCHP,0.22,0.37,2009,3,0
22,2008-09-01,MCHP,0.44,0.24,2009,2,1
23,2008-06-01,MCHP,0.43,0.15,2009,1,1
24,2008-03-01,MCHP,0.43,0.37,2008,4,1
25,2007-12-01,MCHP,0.39,0.345,2008,3,1
26,2007-09-01,MCHP,0.38,0.35,2008,2,1
27,2007-06-01,MCHP,0.39,0.36,2008,1,1
28,2007-03-01,MCHP,0.34,0.33,2007,4,1
29,2006-12-01,MCHP,0.33,0.33,2007,3,0
30,2006-09-01,MCHP,0.36,0.36,2007,2,0
31,2006-06-01,MCHP,0.35,0.35,2007,1,0
32,2006-03-01,MCHP,0.35,0.35,2006,4,0
33,2005-12-01,MCHP,0.33,0.32,2006,3,1
34,2005-09-01,MCHP,0.31,0.3,2006,2,1
35,2005-06-01,MCHP,0.29,0.28,2006,1,1
36,2005-03-01,MCHP,0.27,0.25,2005,4,1
37,2004-12-01,MCHP,0.25,0.25,2005,3,0
38,2004-09-01,MCHP,0.29,0.29,2005,2,0
39,2004-06-01,MCHP,0.27,0.26,2005,1,1
40,2004-03-01,MCHP,0.22,0.2,2004,4,1
41,2003-12-01,MCHP,0.19,0.19,2004,3,0
42,2003-09-01,MCHP,0.17,0.17,2004,2,0
43,2003-06-01,MCHP,0.16,0.15,2004,1,1
44,2003-03-01,MCHP,0.16,0.16,2003,4,0
45,2002-12-01,MCHP,0.18,0.17,2003,3,1
46,2002-09-01,MCHP,0.17,0.17,2003,2,0
47,2002-06-01,MCHP,0.15,0.15,2003,1,0
48,2002-03-01,MCHP,0.13,0.127,2002,4,1
49,2001-12-01,MCHP,0.11,0.113,2002,3,0
50,2001-09-01,MCHP,0.11,0.109,2002,2,1
51,2001-06-01,MCHP,0.11,0.107,2002,1,1
52,2001-03-01,MCHP,0.127,0.147,2001,4,0
53,2000-12-01,MCHP,0.22699999999999998,0.217,2001,3,1
54,2000-09-01,MCHP,0.22,0.22,2001,2,0
55,2000-06-01,MCHP,0.196,0.182,2001,1,1
56,2000-03-01,MCHP,0.165,0.16699999999999998,2000,4,0
57,1999-12-01,MCHP,0.142,0.138,2000,3,1
58,1999-09-01,MCHP,0.129,0.12,2000,2,1
59,1999-06-01,MCHP,0.111,0.111,2000,1,0
0,2015-02-10,AKAM,0.7,0.636,2014,4,1
1,2014-10-29,AKAM,0.62,0.5670000000000001,2014,3,1
2,2014-07-30,AKAM,0.58,0.5479999999999999,2014,2,1
3,2014-05-01,AKAM,0.58,0.534,2014,1,1
4,2014-02-05,AKAM,0.55,0.512,2013,4,1
5,2013-10-23,AKAM,0.5,0.463,2013,3,1
6,2013-07-24,AKAM,0.46,0.455,2013,2,1
7,2013-04-24,AKAM,0.43,0.467,2013,1,0
8,2013-02-06,AKAM,0.54,0.496,2012,4,1
9,2012-10-24,AKAM,0.43,0.41,2012,3,1
10,2012-07-25,AKAM,0.43,0.37,2012,2,1
11,2012-04-25,AKAM,0.41,0.38,2012,1,1
12,2012-02-08,AKAM,0.45,0.4,2011,4,1
13,2011-10-26,AKAM,0.34,0.33,2011,3,1
14,2011-07-27,AKAM,0.35,0.36,2011,2,0
15,2011-03-01,AKAM,0.38,0.37,2011,1,1
16,2010-12-01,AKAM,0.4,0.38,2010,4,1
17,2010-09-01,AKAM,0.34,0.33,2010,3,1
18,2010-06-01,AKAM,0.34,0.34,2010,2,0
19,2010-03-01,AKAM,0.35,0.31,2010,1,1
20,2009-12-01,AKAM,0.34,0.43,2009,4,0
21,2009-09-01,AKAM,0.28,0.35,2009,3,0
22,2009-06-01,AKAM,0.29,0.4,2009,2,0
23,2009-03-01,AKAM,0.31,0.4,2009,1,0
24,2008-12-01,AKAM,0.44,0.4,2008,4,1
25,2008-09-01,AKAM,0.4,0.39,2008,3,1
26,2008-06-01,AKAM,0.41,0.41,2008,2,0
27,2008-03-01,AKAM,0.41,0.39,2008,1,1
28,2007-12-01,AKAM,0.41,0.37,2007,4,1
29,2007-09-01,AKAM,0.34,0.33,2007,3,1
30,2007-06-01,AKAM,0.3,0.3,2007,2,0
31,2007-03-01,AKAM,0.28,0.28,2007,1,0
32,2006-12-01,AKAM,0.27,0.26,2006,4,1
33,2006-09-01,AKAM,0.24,0.22,2006,3,1
34,2006-06-01,AKAM,0.2,0.18,2006,2,1
35,2006-03-01,AKAM,0.17,0.16,2006,1,1
36,2005-12-01,AKAM,0.16,0.15,2005,4,1
37,2005-09-01,AKAM,0.14,0.14,2005,3,0
38,2005-06-01,AKAM,0.11,0.11,2005,2,0
39,2005-03-01,AKAM,0.1,0.1,2005,1,0
40,2004-12-01,AKAM,0.1,0.1,2004,4,0
41,2004-09-01,AKAM,0.09,0.09,2004,3,0
42,2004-06-01,AKAM,0.08,0.07,2004,2,1
43,2004-03-01,AKAM,0.04,0.035,2004,1,1
44,2003-12-01,AKAM,0.01,0.0,2003,4,1
45,2003-09-01,AKAM,0.0,0.0,2003,3,0
46,2003-06-01,AKAM,0.0,0.0,2003,2,0
47,2003-03-01,AKAM,0.0,0.0,2003,1,0
48,2002-12-01,AKAM,0.0,0.0,2002,4,0
49,2002-09-01,AKAM,0.0,0.0,2002,3,0
50,2002-06-01,AKAM,0.0,0.0,2002,2,0
51,2002-03-01,AKAM,0.0,0.0,2002,1,0
52,2001-12-01,AKAM,0.0,0.0,2001,4,0
53,2001-09-01,AKAM,0.0,0.0,2001,3,0
54,2001-06-01,AKAM,0.0,0.0,2001,2,0
55,2001-03-01,AKAM,0.0,0.0,2001,1,0
56,2000-12-01,AKAM,0.0,0.0,2000,4,0
57,2000-09-01,AKAM,0.0,0.0,2000,3,0
58,2000-06-01,AKAM,0.0,0.0,2000,2,0
59,2000-03-01,AKAM,0.0,0.0,2000,1,0
0,2015-01-22,ALTR,0.36,0.349,2014,4,1
1,2014-10-23,ALTR,0.38,0.373,2014,3,1
2,2014-07-24,ALTR,0.41,0.3720000000000001,2014,2,1
3,2014-04-24,ALTR,0.37,0.319,2014,1,1
4,2014-01-23,ALTR,0.31,0.299,2013,4,1
5,2013-10-22,ALTR,0.37,0.341,2013,3,1
6,2013-07-23,ALTR,0.31,0.309,2013,2,1
7,2013-04-25,ALTR,0.37,0.33,2013,1,1
8,2013-01-23,ALTR,0.37,0.39,2012,4,0
9,2012-10-23,ALTR,0.49,0.46,2012,3,1
10,2012-07-24,ALTR,0.5,0.39,2012,2,1
11,2012-04-19,ALTR,0.35,0.36,2012,1,0
12,2012-01-24,ALTR,0.45,0.41,2011,4,1
13,2011-10-20,ALTR,0.57,0.59,2011,3,0
14,2011-07-19,ALTR,0.65,0.64,2011,2,1
15,2011-04-26,ALTR,0.68,0.63,2011,1,1
16,2011-01-25,ALTR,0.72,0.71,2010,4,1
17,2010-10-19,ALTR,0.69,0.65,2010,3,1
18,2010-07-20,ALTR,0.58,0.53,2010,2,1
19,2010-04-20,ALTR,0.5,0.4,2010,1,1
20,2009-12-01,ALTR,0.34,0.29,2009,4,1
21,2009-09-01,ALTR,0.19,0.19,2009,3,0
22,2009-06-01,ALTR,0.2,0.16,2009,2,1
23,2009-03-01,ALTR,0.17,0.16,2009,1,1
24,2008-12-01,ALTR,0.28,0.27,2008,4,1
25,2008-09-01,ALTR,0.31,0.3,2008,3,1
26,2008-06-01,ALTR,0.32,0.27,2008,2,1
27,2008-03-01,ALTR,0.27,0.23,2008,1,1
28,2007-12-01,ALTR,0.2,0.17,2007,4,1
29,2007-09-01,ALTR,0.2,0.2,2007,3,0
30,2007-06-01,ALTR,0.22,0.19,2007,2,1
31,2007-03-01,ALTR,0.21,0.19,2007,1,1
32,2006-12-01,ALTR,0.22,0.21,2006,4,1
33,2006-09-01,ALTR,0.24,0.21,2006,3,1
34,2006-06-01,ALTR,0.21,0.19,2006,2,1
35,2006-03-01,ALTR,0.16,0.16,2006,1,0
36,2005-12-01,ALTR,0.19,0.19,2005,4,0
37,2005-09-01,ALTR,0.21,0.2,2005,3,1
38,2005-06-01,ALTR,0.19,0.18,2005,2,1
39,2005-03-01,ALTR,0.17,0.15,2005,1,1
40,2004-12-01,ALTR,0.15,0.13,2004,4,1
41,2004-09-01,ALTR,0.17,0.18,2004,3,0
42,2004-06-01,ALTR,0.2,0.17600000000000002,2004,2,1
43,2004-03-01,ALTR,0.15,0.13,2004,1,1
44,2003-12-01,ALTR,0.12,0.11,2003,4,1
45,2003-09-01,ALTR,0.11,0.11,2003,3,0
46,2003-06-01,ALTR,0.09,0.09,2003,2,0
47,2003-03-01,ALTR,0.08,0.07,2003,1,1
48,2002-12-01,ALTR,0.07,0.06,2002,4,1
49,2002-09-01,ALTR,0.06,0.06,2002,3,0
50,2002-06-01,ALTR,0.06,0.05,2002,2,1
51,2002-03-01,ALTR,0.05,0.04,2002,1,1
52,2001-12-01,ALTR,0.03,0.03,2001,4,0
53,2001-09-01,ALTR,0.05,0.055,2001,3,0
54,2001-06-01,ALTR,0.09,0.08,2001,2,1
55,2001-03-01,ALTR,0.16,0.16,2001,1,0
56,2000-12-01,ALTR,0.25,0.26,2000,4,0
57,2000-09-01,ALTR,0.28,0.28,2000,3,0
58,2000-06-01,ALTR,0.25,0.22,2000,2,1
59,2000-03-01,ALTR,0.18,0.175,2000,1,1
0,2014-02-26,ADSK,0.4,0.335,2014,4,1
1,2013-11-21,ADSK,0.41,0.388,2014,3,1
2,2013-08-22,ADSK,0.45,0.417,2014,2,1
3,2013-05-16,ADSK,0.42,0.446,2014,1,0
4,2013-02-25,ADSK,0.53,0.494,2013,4,1
5,2012-11-15,ADSK,0.47,0.43,2013,3,1
6,2012-08-23,ADSK,0.48,0.49,2013,2,0
7,2012-05-17,ADSK,0.47,0.47,2013,1,0
8,2012-02-23,ADSK,0.46,0.45,2012,4,1
9,2011-11-15,ADSK,0.44,0.41,2012,3,1
10,2011-08-18,ADSK,0.44,0.41,2012,2,1
11,2011-05-19,ADSK,0.4,0.37,2012,1,1
12,2011-02-24,ADSK,0.35,0.34,2011,4,1
13,2010-11-18,ADSK,0.32,0.32,2011,3,0
14,2010-08-12,ADSK,0.36,0.27,2011,2,1
15,2010-05-19,ADSK,0.29,0.22,2011,1,1
16,2010-02-23,ADSK,0.3,0.3,2010,4,0
17,2009-11-17,ADSK,0.26,0.27,2010,3,0
18,2009-07-01,ADSK,0.24,0.24,2010,2,0
19,2009-04-01,ADSK,0.18,0.18,2010,1,0
20,2009-01-01,ADSK,0.31,0.21,2009,4,1
21,2008-10-01,ADSK,0.56,0.53,2009,3,1
22,2008-07-01,ADSK,0.56,0.52,2009,2,1
23,2008-04-01,ADSK,0.56,0.48,2009,1,1
24,2008-01-01,ADSK,0.5,0.54,2008,4,0
25,2007-10-01,ADSK,0.49,0.48,2008,3,1
26,2007-07-01,ADSK,0.44,0.43,2008,2,1
27,2007-04-01,ADSK,0.44,0.44,2008,1,0
28,2007-01-01,ADSK,0.41,0.46,2007,4,0
29,2006-10-01,ADSK,0.3,0.37,2007,3,0
30,2006-07-01,ADSK,0.47,0.38,2007,2,1
31,2006-04-01,ADSK,0.32,0.32,2007,1,0
32,2006-01-01,ADSK,0.37,0.35,2006,4,1
33,2005-10-01,ADSK,0.31,0.3,2006,3,1
34,2005-07-01,ADSK,0.29,0.24,2006,2,1
35,2005-04-01,ADSK,0.3,0.28,2006,1,1
36,2005-01-01,ADSK,0.3,0.28,2005,4,1
37,2004-10-01,ADSK,0.19,0.17,2005,3,1
38,2004-07-01,ADSK,0.17,0.14800000000000002,2005,2,1
39,2004-04-01,ADSK,0.205,0.15,2005,1,1
40,2004-01-01,ADSK,0.225,0.145,2004,4,1
41,2003-10-01,ADSK,0.1,0.075,2004,3,1
42,2003-07-01,ADSK,0.055,0.05,2004,2,1
43,2003-04-01,ADSK,0.035,0.02,2004,1,1
44,2003-01-01,ADSK,0.035,0.03,2003,4,1
45,2002-10-01,ADSK,0.025,0.02,2003,3,1
46,2002-07-01,ADSK,0.065,0.05,2003,2,1
47,2002-04-01,ADSK,0.08,0.075,2003,1,1
48,2002-01-01,ADSK,0.165,0.14,2002,4,1
49,2001-10-01,ADSK,0.09,0.096,2002,3,0
50,2001-07-01,ADSK,0.135,0.118,2002,2,1
51,2001-04-01,ADSK,0.145,0.119,2002,1,1
52,2001-01-01,ADSK,0.14300000000000002,0.136,2001,4,1
53,2000-10-01,ADSK,0.095,0.073,2001,3,1
54,2000-07-01,ADSK,0.108,0.093,2001,2,1
55,2000-04-01,ADSK,0.123,0.105,2001,1,1
56,2000-01-01,ADSK,0.12,0.095,2000,4,1
57,1999-10-01,ADSK,0.068,0.019,2000,3,1
58,1999-07-01,ADSK,0.023,0.04,2000,2,0
59,1999-04-01,ADSK,0.038,0.053,2000,1,0
0,2014-11-13,AMAT,0.27,0.268,2014,4,1
1,2014-08-14,AMAT,0.28,0.268,2014,3,1
2,2014-05-15,AMAT,0.28,0.277,2014,2,1
3,2014-02-12,AMAT,0.23,0.224,2014,1,1
4,2013-11-14,AMAT,0.19,0.179,2013,4,1
5,2013-08-15,AMAT,0.18,0.191,2013,3,0
6,2013-05-16,AMAT,0.16,0.132,2013,2,1
7,2013-02-13,AMAT,0.06,0.029,2013,1,1
8,2012-11-15,AMAT,0.06,0.03,2012,4,1
9,2012-08-15,AMAT,0.24,0.22,2012,3,1
10,2012-05-17,AMAT,0.27,0.24,2012,2,1
11,2012-02-16,AMAT,0.18,0.12,2012,1,1
12,2011-11-16,AMAT,0.21,0.19,2011,4,1
13,2011-07-01,AMAT,0.35,0.33,2011,3,1
14,2011-04-01,AMAT,0.38,0.37,2011,2,1
15,2011-01-01,AMAT,0.36,0.33,2011,1,1
16,2010-10-01,AMAT,0.36,0.31,2010,4,1
17,2010-07-01,AMAT,0.17,0.25,2010,3,0
18,2010-04-01,AMAT,0.22,0.21,2010,2,1
19,2010-01-01,AMAT,0.13,0.13,2010,1,0
20,2009-10-01,AMAT,0.11,0.03,2009,4,1
21,2009-07-01,AMAT,-0.02,0.0,2009,3,0
22,2009-04-01,AMAT,-0.12,0.0,2009,2,0
23,2009-01-01,AMAT,-0.02,0.0,2009,1,0
24,2008-10-01,AMAT,0.2,0.145,2008,4,1
25,2008-07-01,AMAT,0.17,0.14,2008,3,1
26,2008-04-01,AMAT,0.26,0.22,2008,2,1
27,2008-01-01,AMAT,0.25,0.2,2008,1,1
28,2007-10-01,AMAT,0.34,0.285,2007,4,1
29,2007-07-01,AMAT,0.37,0.31,2007,3,1
30,2007-04-01,AMAT,0.34,0.28,2007,2,1
31,2007-01-01,AMAT,0.27,0.27,2007,1,0
32,2006-10-01,AMAT,0.3,0.31,2006,4,0
33,2006-07-01,AMAT,0.33,0.3,2006,3,1
34,2006-04-01,AMAT,0.26,0.23,2006,2,1
35,2006-01-01,AMAT,0.19,0.17,2006,1,1
36,2005-10-01,AMAT,0.15,0.14,2005,4,1
37,2005-07-01,AMAT,0.15,0.14,2005,3,1
38,2005-04-01,AMAT,0.18,0.17,2005,2,1
39,2005-01-01,AMAT,0.17,0.15,2005,1,1
40,2004-10-01,AMAT,0.27,0.26,2004,4,1
41,2004-07-01,AMAT,0.26,0.25,2004,3,1
42,2004-04-01,AMAT,0.22,0.19,2004,2,1
43,2004-01-01,AMAT,0.12,0.08,2004,1,1
44,2003-10-01,AMAT,0.06,0.05,2003,4,1
45,2003-07-01,AMAT,0.05,0.04,2003,3,1
46,2003-04-01,AMAT,0.03,0.02,2003,2,1
47,2003-01-01,AMAT,0.0,0.02,2003,1,0
48,2002-10-01,AMAT,0.09,0.08,2002,4,1
49,2002-07-01,AMAT,0.07,0.05,2002,3,1
50,2002-04-01,AMAT,0.03,0.015,2002,2,1
51,2002-01-01,AMAT,0.01,0.0,2002,1,1
52,2001-10-01,AMAT,0.015,0.02,2001,4,0
53,2001-07-01,AMAT,0.025,0.015,2001,3,1
54,2001-04-01,AMAT,0.16,0.163,2001,2,0
55,2001-01-01,AMAT,0.33,0.308,2001,1,1
56,2000-10-01,AMAT,0.385,0.38,2000,4,1
57,2000-07-01,AMAT,0.35,0.34,2000,3,1
58,2000-04-01,AMAT,0.275,0.265,2000,2,1
59,2000-01-01,AMAT,0.19,0.19,2000,1,0
0,2014-07-22,MSFT,0.55,0.598,2014,4,0
1,2014-04-24,MSFT,0.68,0.62,2014,3,1
2,2014-01-23,MSFT,0.78,0.6729999999999999,2014,2,1
3,2013-10-24,MSFT,0.62,0.5429999999999999,2014,1,1
4,2013-07-18,MSFT,0.66,0.742,2013,4,0
5,2013-04-18,MSFT,0.72,0.674,2013,3,1
6,2013-01-24,MSFT,0.76,0.75,2013,2,1
7,2012-10-18,MSFT,0.65,0.58,2013,1,1
8,2012-07-19,MSFT,0.67,0.62,2012,4,1
9,2012-04-19,MSFT,0.6,0.57,2012,3,1
10,2012-01-19,MSFT,0.78,0.76,2012,2,1
11,2011-10-20,MSFT,0.68,0.68,2012,1,0
12,2011-07-21,MSFT,0.69,0.58,2011,4,1
13,2011-04-28,MSFT,0.56,0.56,2011,3,0
14,2011-01-27,MSFT,0.77,0.68,2011,2,1
15,2010-09-01,MSFT,0.62,0.55,2011,1,1
16,2010-06-01,MSFT,0.51,0.51,2010,4,0
17,2010-03-01,MSFT,0.45,0.45,2010,3,0
18,2009-12-01,MSFT,0.74,0.74,2010,2,0
19,2009-09-01,MSFT,0.4,0.4,2010,1,0
20,2009-06-01,MSFT,0.36,0.37,2009,4,0
21,2009-03-01,MSFT,0.39,0.39,2009,3,0
22,2008-12-01,MSFT,0.47,0.74,2009,2,0
23,2008-09-01,MSFT,0.48,0.4,2009,1,1
24,2008-06-01,MSFT,0.48,0.47,2008,4,1
25,2008-03-01,MSFT,0.47,0.445,2008,3,1
26,2007-12-01,MSFT,0.5,0.46,2008,2,1
27,2007-09-01,MSFT,0.45,0.39,2008,1,1
28,2007-06-01,MSFT,0.31,0.31,2007,4,0
29,2007-03-01,MSFT,0.5,0.46,2007,3,1
30,2006-12-01,MSFT,0.26,0.24,2007,2,1
31,2006-09-01,MSFT,0.35,0.31,2007,1,1
32,2006-06-01,MSFT,0.31,0.3,2006,4,1
33,2006-03-01,MSFT,0.32,0.33,2006,3,0
34,2005-12-01,MSFT,0.36,0.37,2006,2,0
35,2005-09-01,MSFT,0.34,0.34,2006,1,0
36,2005-06-01,MSFT,0.33,0.31,2005,4,1
37,2005-03-01,MSFT,0.32,0.32,2005,3,0
38,2004-12-01,MSFT,0.35,0.33,2005,2,1
39,2004-09-01,MSFT,0.31,0.3,2005,1,1
40,2004-06-01,MSFT,0.28,0.28,2004,4,0
41,2004-03-01,MSFT,0.34,0.29,2004,3,1
42,2003-12-01,MSFT,0.34,0.3,2004,2,1
43,2003-09-01,MSFT,0.3,0.29,2004,1,1
44,2003-06-01,MSFT,0.23,0.24,2003,4,0
45,2003-03-01,MSFT,0.26,0.24,2003,3,1
46,2002-12-01,MSFT,0.265,0.23,2003,2,1
47,2002-09-01,MSFT,0.275,0.21,2003,1,1
48,2002-06-01,MSFT,0.21,0.21,2002,4,0
49,2002-03-01,MSFT,0.245,0.255,2002,3,0
50,2001-12-01,MSFT,0.245,0.21,2002,2,1
51,2001-09-01,MSFT,0.215,0.195,2002,1,1
52,2001-06-01,MSFT,0.215,0.21,2001,4,1
53,2001-03-01,MSFT,0.22,0.21,2001,3,1
54,2000-12-01,MSFT,0.235,0.233,2001,2,1
55,2000-09-01,MSFT,0.23,0.205,2001,1,1
56,2000-06-01,MSFT,0.22,0.215,2000,4,1
57,2000-03-01,MSFT,0.215,0.215,2000,3,0
58,1999-12-01,MSFT,0.22,0.223,2000,2,0
59,1999-09-01,MSFT,0.2,0.17,2000,1,1
0,2014-07-22,LLTC,0.59,0.505,2014,4,1
1,2014-04-15,LLTC,0.48,0.465,2014,3,1
2,2014-01-14,LLTC,0.44,0.44,2014,2,0
3,2013-10-15,LLTC,0.47,0.451,2014,1,1
4,2013-07-23,LLTC,0.44,0.42200000000000004,2013,4,1
5,2013-04-16,LLTC,0.48,0.429,2013,3,1
6,2013-01-15,LLTC,0.4,0.4,2013,2,0
7,2012-10-16,LLTC,0.45,0.46,2013,1,0
8,2012-07-24,LLTC,0.5,0.47,2012,4,1
9,2012-04-17,LLTC,0.49,0.42,2012,3,1
10,2012-01-17,LLTC,0.45,0.39,2012,2,1
11,2011-10-18,LLTC,0.53,0.48,2012,1,1
12,2011-07-26,LLTC,0.76,0.56,2011,4,1
13,2011-04-19,LLTC,0.69,0.56,2011,3,1
14,2011-01-18,LLTC,0.7,0.58,2011,2,1
15,2010-10-12,LLTC,0.67,0.62,2011,1,1
16,2010-07-20,LLTC,0.66,0.59,2010,4,1
17,2010-04-13,LLTC,0.52,0.46,2010,3,1
18,2010-01-12,LLTC,0.41,0.35,2010,2,1
19,2009-09-01,LLTC,0.34,0.29,2010,1,1
20,2009-06-01,LLTC,0.31,0.22,2009,4,1
21,2009-03-01,LLTC,0.31,0.22,2009,3,1
22,2008-12-01,LLTC,0.46,0.35,2009,2,1
23,2008-09-01,LLTC,0.52,0.29,2009,1,1
24,2008-06-01,LLTC,0.51,0.45,2008,4,1
25,2008-03-01,LLTC,0.49,0.43,2008,3,1
26,2007-12-01,LLTC,0.46,0.41,2008,2,1
27,2007-09-01,LLTC,0.45,0.38,2008,1,1
28,2007-06-01,LLTC,0.36,0.345,2007,4,1
29,2007-03-01,LLTC,0.32,0.32,2007,3,0
30,2006-12-01,LLTC,0.34,0.34,2007,2,0
31,2006-09-01,LLTC,0.37,0.37,2007,1,0
32,2006-06-01,LLTC,0.37,0.37,2006,4,0
33,2006-03-01,LLTC,0.35,0.35,2006,3,0
34,2005-12-01,LLTC,0.36,0.36,2006,2,0
35,2005-09-01,LLTC,0.35,0.34,2006,1,1
36,2005-06-01,LLTC,0.34,0.33,2005,4,1
37,2005-03-01,LLTC,0.39,0.32,2005,3,1
38,2004-12-01,LLTC,0.33,0.32,2005,2,1
39,2004-09-01,LLTC,0.33,0.32,2005,1,1
40,2004-06-01,LLTC,0.31,0.3,2004,4,1
41,2004-03-01,LLTC,0.27,0.25,2004,3,1
42,2003-12-01,LLTC,0.23,0.23,2004,2,0
43,2003-09-01,LLTC,0.22,0.21,2004,1,1
44,2003-06-01,LLTC,0.21,0.2,2003,4,1
45,2003-03-01,LLTC,0.19,0.19,2003,3,0
46,2002-12-01,LLTC,0.18,0.17,2003,2,1
47,2002-09-01,LLTC,0.17,0.17,2003,1,0
48,2002-06-01,LLTC,0.17,0.17,2002,4,0
49,2002-03-01,LLTC,0.16,0.15,2002,3,1
50,2001-12-01,LLTC,0.14,0.14,2002,2,0
51,2001-09-01,LLTC,0.14,0.14,2002,1,0
52,2001-06-01,LLTC,0.26,0.26,2001,4,0
53,2001-03-01,LLTC,0.38,0.36,2001,3,1
54,2000-12-01,LLTC,0.34,0.33,2001,2,1
55,2000-09-01,LLTC,0.31,0.29,2001,1,1
56,2000-06-01,LLTC,0.27,0.255,2000,4,1
57,2000-03-01,LLTC,0.23,0.22,2000,3,1
58,1999-12-01,LLTC,0.2,0.19,2000,2,1
59,1999-09-01,LLTC,0.18,0.17,2000,1,1
0,2014-07-31,ADP,0.63,0.627,2014,4,1
1,2014-04-30,ADP,1.06,1.077,2014,3,0
2,2014-02-05,ADP,0.78,0.77,2014,2,1
3,2013-10-30,ADP,0.68,0.6609999999999999,2014,1,1
4,2013-08-01,ADP,0.55,0.5720000000000001,2013,4,0
5,2013-05-03,ADP,0.99,0.982,2013,3,1
6,2013-02-05,ADP,0.72,0.713,2013,2,1
7,2012-10-30,ADP,0.62,0.62,2013,1,0
8,2012-08-01,ADP,0.53,0.53,2012,4,0
9,2012-05-01,ADP,0.92,0.91,2012,3,1
10,2012-01-25,ADP,0.68,0.68,2012,2,0
11,2011-10-26,ADP,0.61,0.61,2012,1,0
12,2011-07-28,ADP,0.48,0.49,2011,4,0
13,2011-05-02,ADP,0.85,0.85,2011,3,0
14,2011-01-26,ADP,0.62,0.61,2011,2,1
15,2010-10-27,ADP,0.56,0.53,2011,1,1
16,2010-07-29,ADP,0.42,0.42,2010,4,0
17,2010-04-27,ADP,0.79,0.79,2010,3,0
18,2010-02-02,ADP,0.6,0.6,2010,2,0
19,2009-09-01,ADP,0.56,0.56,2010,1,0
20,2009-06-01,ADP,0.45,0.45,2009,4,0
21,2009-03-01,ADP,0.8,0.8,2009,3,0
22,2008-12-01,ADP,0.59,0.6,2009,2,0
23,2008-09-01,ADP,0.54,0.56,2009,1,0
24,2008-06-01,ADP,0.42,0.41,2008,4,1
25,2008-03-01,ADP,0.77,0.75,2008,3,1
26,2007-12-01,ADP,0.53,0.53,2008,2,0
27,2007-09-01,ADP,0.45,0.43,2008,1,1
28,2007-06-01,ADP,0.35,0.36,2007,4,0
29,2007-03-01,ADP,0.74,0.71,2007,3,1
30,2006-12-01,ADP,0.52,0.51,2007,2,1
31,2006-09-01,ADP,0.43,0.435,2007,1,0
32,2006-06-01,ADP,0.44,0.46,2006,4,0
33,2006-03-01,ADP,0.61,0.63,2006,3,0
34,2005-12-01,ADP,0.52,0.5,2006,2,1
35,2005-09-01,ADP,0.43,0.4,2006,1,1
36,2005-06-01,ADP,0.44,0.44,2005,4,0
37,2005-03-01,ADP,0.57,0.57,2005,3,0
38,2004-12-01,ADP,0.42,0.42,2005,2,0
39,2004-09-01,ADP,0.35,0.33,2005,1,1
40,2004-06-01,ADP,0.36,0.35,2004,4,1
41,2004-03-01,ADP,0.5,0.5,2004,3,0
42,2003-12-01,ADP,0.38,0.37,2004,2,1
43,2003-09-01,ADP,0.32,0.28,2004,1,1
44,2003-06-01,ADP,0.36,0.38,2003,4,0
45,2003-03-01,ADP,0.54,0.52,2003,3,1
46,2002-12-01,ADP,0.43,0.43,2003,2,0
47,2002-09-01,ADP,0.34,0.33,2003,1,1
48,2002-06-01,ADP,0.46,0.47,2002,4,0
49,2002-03-01,ADP,0.56,0.55,2002,3,1
50,2001-12-01,ADP,0.42,0.41,2002,2,1
51,2001-09-01,ADP,0.31,0.31,2002,1,0
52,2001-06-01,ADP,0.4,0.41,2001,4,0
53,2001-03-01,ADP,0.49,0.48,2001,3,1
54,2000-12-01,ADP,0.36,0.36,2001,2,0
55,2000-09-01,ADP,0.27,0.27,2001,1,0
56,2000-06-01,ADP,0.35,0.35,2000,4,0
57,2000-03-01,ADP,0.42,0.41,2000,3,1
58,1999-12-01,ADP,0.31,0.32,2000,2,0
59,1999-09-01,ADP,0.23,0.23,2000,1,0
0,2014-02-12,NVDA,0.24,0.183,2014,4,1
1,2013-11-07,NVDA,0.2,0.2,2014,3,0
2,2013-08-08,NVDA,0.16,0.125,2014,2,1
3,2013-05-09,NVDA,0.13,0.1,2014,1,1
4,2013-02-13,NVDA,0.28,0.235,2013,4,1
5,2012-11-08,NVDA,0.39,0.3,2013,3,1
6,2012-08-09,NVDA,0.19,0.14,2013,2,1
7,2012-05-11,NVDA,0.1,0.1,2013,1,0
8,2012-02-15,NVDA,0.19,0.19,2012,4,0
9,2011-10-01,NVDA,0.29,0.26,2012,3,1
10,2011-07-01,NVDA,0.25,0.25,2012,2,0
11,2011-04-01,NVDA,0.22,0.19,2012,1,1
12,2011-01-01,NVDA,0.23,0.21,2011,4,1
13,2010-10-01,NVDA,0.15,0.14,2011,3,1
14,2010-07-01,NVDA,0.03,0.11,2011,2,0
15,2010-04-01,NVDA,0.29,0.21,2011,1,1
16,2010-01-01,NVDA,0.23,0.23,2010,4,0
17,2009-10-01,NVDA,0.13,0.19,2010,3,0
18,2009-07-01,NVDA,0.02,0.07,2010,2,0
19,2009-04-01,NVDA,-0.13,-0.09,2010,1,0
20,2009-01-01,NVDA,-0.27,0.0,2009,4,0
21,2008-10-01,NVDA,0.2,0.12,2009,3,1
22,2008-07-01,NVDA,0.13,0.15,2009,2,0
23,2008-04-01,NVDA,0.36,0.32,2009,1,1
24,2008-01-01,NVDA,0.49,0.41,2008,4,1
25,2007-10-01,NVDA,0.44,0.32,2008,3,1
26,2007-07-01,NVDA,0.34,0.22699999999999998,2008,2,1
27,2007-04-01,NVDA,0.22,0.207,2008,1,1
28,2007-01-01,NVDA,0.233,0.233,2007,4,0
29,2006-10-01,NVDA,0.207,0.2,2007,3,1
30,2006-07-01,NVDA,0.147,0.16,2007,2,0
31,2006-04-01,NVDA,0.153,0.153,2007,1,0
32,2006-01-01,NVDA,0.177,0.163,2006,4,1
33,2005-10-01,NVDA,0.12,0.12,2006,3,0
34,2005-07-01,NVDA,0.13699999999999998,0.113,2006,2,1
35,2005-04-01,NVDA,0.12,0.09300000000000001,2006,1,1
36,2005-01-01,NVDA,0.09,0.08,2005,4,1
37,2004-10-01,NVDA,0.05,0.03,2005,3,1
38,2004-07-01,NVDA,0.01,0.05,2005,2,0
39,2004-04-01,NVDA,0.04,0.033,2005,1,1
40,2004-01-01,NVDA,0.047,0.037000000000000005,2004,4,1
41,2003-10-01,NVDA,0.033,0.037000000000000005,2004,3,0
42,2003-07-01,NVDA,0.047,0.037000000000000005,2004,2,1
43,2003-04-01,NVDA,0.04,0.033,2004,1,1
44,2003-01-01,NVDA,0.047,0.02,2003,4,1
45,2002-10-01,NVDA,0.02,0.027999999999999997,2003,3,0
46,2002-07-01,NVDA,0.04,0.043,2003,2,0
47,2002-04-01,NVDA,0.157,0.153,2003,1,1
48,2002-01-01,NVDA,0.14300000000000002,0.113,2002,4,1
49,2001-10-01,NVDA,0.09300000000000001,0.077,2002,3,1
50,2001-07-01,NVDA,0.073,0.068,2002,2,1
51,2001-04-01,NVDA,0.067,0.067,2002,1,0
52,2001-01-01,NVDA,0.063,0.062,2001,4,1
53,2000-10-01,NVDA,0.057999999999999996,0.053,2001,3,1
54,2000-07-01,NVDA,0.047,0.042,2001,2,1
55,2000-04-01,NVDA,0.04,0.031,2001,1,1
56,2000-01-01,NVDA,0.033,0.03,2000,4,1
57,1999-10-01,NVDA,0.026000000000000002,0.0,2000,3,1
58,1999-07-01,NVDA,0.017,0.0,2000,2,1
59,1999-04-01,NVDA,0.015,0.0,2000,1,1
0,2015-02-19,FTR,0.04,0.048,2014,4,0
1,2014-11-03,FTR,0.05,0.036000000000000004,2014,3,1
2,2014-08-05,FTR,0.05,0.047,2014,2,1
3,2014-05-06,FTR,0.05,0.06,2014,1,0
4,2014-02-24,FTR,0.07,0.065,2013,4,1
5,2013-11-05,FTR,0.06,0.057999999999999996,2013,3,1
6,2013-08-07,FTR,0.06,0.055,2013,2,1
7,2013-05-06,FTR,0.05,0.059000000000000004,2013,1,0
8,2013-02-21,FTR,0.06,0.067,2012,4,0
9,2012-11-06,FTR,0.07,0.07,2012,3,0
10,2012-07-31,FTR,0.08,0.04,2012,2,1
11,2012-05-07,FTR,0.05,0.06,2012,1,0
12,2012-02-23,FTR,0.07,0.05,2011,4,1
13,2011-11-03,FTR,0.05,0.18,2011,3,0
14,2011-08-03,FTR,0.06,0.16,2011,2,0
15,2011-05-05,FTR,0.06,0.13,2011,1,0
16,2011-02-23,FTR,0.05,0.09,2010,4,0
17,2010-11-08,FTR,0.09,0.11,2010,3,0
18,2010-08-04,FTR,0.19,0.07,2010,2,1
19,2010-05-06,FTR,0.16,0.04,2010,1,1
20,2010-02-24,FTR,0.15,0.157,2009,4,0
21,2009-09-01,FTR,0.18,0.16,2009,3,1
22,2009-06-01,FTR,0.11,0.12,2009,2,0
23,2009-03-01,FTR,0.12,0.135,2009,1,0
24,2008-12-01,FTR,0.11,0.15,2008,4,0
25,2008-09-01,FTR,0.15,0.16,2008,3,0
26,2008-06-01,FTR,0.15,0.16,2008,2,0
27,2008-03-01,FTR,0.14,0.16,2008,1,0
28,2007-12-01,FTR,0.18,0.16,2007,4,1
29,2007-09-01,FTR,0.16,0.16,2007,3,0
30,2007-06-01,FTR,0.12,0.17,2007,2,0
31,2007-03-01,FTR,0.13,0.15,2007,1,0
32,2006-12-01,FTR,0.2,0.16,2006,4,1
33,2006-09-01,FTR,0.16,0.17,2006,3,0
34,2006-06-01,FTR,0.17,0.15,2006,2,1
35,2006-03-01,FTR,0.14,0.14,2006,1,0
36,2005-12-01,FTR,0.18,0.138,2005,4,1
37,2005-09-01,FTR,0.12,0.12,2005,3,0
38,2005-06-01,FTR,0.13,0.12,2005,2,1
39,2005-03-01,FTR,0.12,0.12,2005,1,0
40,2004-12-01,FTR,0.14,0.12,2004,4,1
41,2004-09-01,FTR,0.16,0.1,2004,3,1
42,2004-06-01,FTR,0.11,0.1,2004,2,1
43,2004-03-01,FTR,0.11,0.106,2004,1,1
0,2014-08-21,INTU,-0.01,0.073,2014,4,0
1,2014-05-20,INTU,3.53,3.495,2014,3,1
2,2014-02-20,INTU,0.02,0.153,2014,2,0
3,2013-11-21,INTU,-0.06,-0.091,2014,1,1
4,2013-08-20,INTU,0.0,0.027999999999999997,2013,4,0
5,2013-05-21,INTU,2.97,2.949,2013,3,1
6,2013-02-21,INTU,0.33,0.425,2013,2,0
7,2012-11-15,INTU,-0.03,-0.06,2013,1,1
8,2012-08-21,INTU,0.06,0.06,2012,4,0
9,2012-05-17,INTU,2.51,2.48,2012,3,1
10,2012-02-21,INTU,0.51,0.45,2012,2,1
11,2011-11-17,INTU,-0.1,-0.12,2012,1,1
12,2011-08-18,INTU,0.02,0.0,2011,4,1
13,2011-05-19,INTU,2.33,2.27,2011,3,1
14,2011-02-17,INTU,0.32,0.3,2011,2,1
15,2010-11-18,INTU,-0.08,-0.12,2011,1,1
16,2010-08-19,INTU,-0.05,-0.05,2010,4,0
17,2010-05-20,INTU,1.89,1.89,2010,3,0
18,2010-02-18,INTU,0.38,0.38,2010,2,0
19,2009-10-01,INTU,-0.1,-0.1,2010,1,0
20,2009-07-01,INTU,-0.1,0.0,2009,4,0
21,2009-04-01,INTU,1.68,1.605,2009,3,1
22,2009-01-01,INTU,0.34,0.265,2009,2,1
23,2008-10-01,INTU,-0.09,-0.1,2009,1,1
24,2008-07-01,INTU,-0.08,0.0,2008,4,0
25,2008-04-01,INTU,-0.08,1.33,2008,3,0
26,2008-01-01,INTU,1.39,0.36,2008,2,1
27,2007-10-01,INTU,-0.1,0.0,2008,1,0
28,2007-07-01,INTU,-0.02,0.0,2007,4,0
29,2007-04-01,INTU,1.13,1.07,2007,3,1
30,2007-01-01,INTU,0.45,0.42,2007,2,1
31,2006-10-01,INTU,0.0,0.0,2007,1,0
32,2006-07-01,INTU,0.0,0.0,2006,4,0
33,2006-04-01,INTU,0.855,0.845,2006,3,1
34,2006-01-01,INTU,0.485,0.475,2006,2,1
35,2005-10-01,INTU,0.0,0.0,2006,1,0
36,2005-07-01,INTU,0.0,0.0,2005,4,0
37,2005-04-01,INTU,0.775,0.775,2005,3,0
38,2005-01-01,INTU,0.41,0.38,2005,2,1
39,2004-10-01,INTU,0.0,0.0,2005,1,0
40,2004-07-01,INTU,0.0,0.0,2004,4,0
41,2004-04-01,INTU,0.6,0.58,2004,3,1
42,2004-01-01,INTU,0.385,0.349,2004,2,1
43,2003-10-01,INTU,0.0,0.0,2004,1,0
44,2003-07-01,INTU,0.0,0.0,2003,4,0
45,2003-04-01,INTU,0.525,0.51,2003,3,1
46,2003-01-01,INTU,0.305,0.285,2003,2,1
47,2002-10-01,INTU,0.0,0.0,2003,1,0
48,2002-07-01,INTU,0.0,0.0,2002,4,0
49,2002-04-01,INTU,0.375,0.36,2002,3,1
50,2002-01-01,INTU,0.305,0.285,2002,2,1
51,2001-10-01,INTU,0.0,0.0,2002,1,0
52,2001-07-01,INTU,0.0,0.0,2001,4,0
53,2001-04-01,INTU,0.275,0.265,2001,3,1
54,2001-01-01,INTU,0.24,0.225,2001,2,1
55,2000-10-01,INTU,0.0,0.0,2001,1,0
56,2000-07-01,INTU,0.0,0.0,2000,4,0
57,2000-04-01,INTU,0.18,0.165,2000,3,1
58,2000-01-01,INTU,0.22,0.22,2000,2,0
59,1999-10-01,INTU,0.0,0.0,2000,1,0
0,2014-07-24,KLAC,0.8,0.895,2014,4,0
1,2014-04-24,KLAC,1.23,1.102,2014,3,1
2,2014-01-23,KLAC,0.85,0.7859999999999999,2014,2,1
3,2013-10-24,KLAC,0.68,0.657,2014,1,1
4,2013-07-25,KLAC,0.82,0.7859999999999999,2013,4,1
5,2013-04-25,KLAC,1.01,0.8590000000000001,2013,3,1
6,2013-01-24,KLAC,0.63,0.56,2013,2,1
7,2012-10-25,KLAC,0.84,0.87,2013,1,0
8,2012-07-26,KLAC,1.49,1.32,2012,4,1
9,2012-04-26,KLAC,1.27,1.09,2012,3,1
10,2012-01-26,KLAC,0.72,0.66,2012,2,1
11,2011-10-27,KLAC,1.17,1.165,2012,1,1
12,2011-07-28,KLAC,1.5,1.403,2011,4,1
13,2011-04-28,KLAC,1.31,1.24,2011,3,1
14,2011-01-27,KLAC,1.1,1.05,2011,2,1
15,2010-10-28,KLAC,0.99,0.85,2011,1,1
16,2010-07-29,KLAC,0.7,0.6,2010,4,1
17,2010-04-29,KLAC,0.41,0.34,2010,3,1
18,2009-12-01,KLAC,0.28,0.275,2010,2,1
19,2009-09-01,KLAC,0.15,0.01,2010,1,1
20,2009-06-01,KLAC,-0.09,0.0,2009,4,0
21,2009-03-01,KLAC,-0.34,0.0,2009,3,0
22,2008-12-01,KLAC,-0.12,0.0,2009,2,0
23,2008-09-01,KLAC,0.32,0.34,2009,1,0
24,2008-06-01,KLAC,0.6,0.57,2008,4,1
25,2008-03-01,KLAC,0.67,0.62,2008,3,1
26,2007-12-01,KLAC,0.75,0.7,2008,2,1
27,2007-09-01,KLAC,0.75,0.75,2008,1,0
28,2007-06-01,KLAC,0.9,0.85,2007,4,1
29,2007-03-01,KLAC,0.88,0.78,2007,3,1
30,2006-12-01,KLAC,0.72,0.705,2007,2,1
31,2006-09-01,KLAC,0.67,0.67,2007,1,0
32,2006-06-01,KLAC,0.65,0.605,2006,4,1
33,2006-03-01,KLAC,0.48,0.42,2006,3,1
34,2005-12-01,KLAC,0.5,0.47,2006,2,1
35,2005-09-01,KLAC,0.5,0.48,2006,1,1
36,2005-06-01,KLAC,0.52,0.47,2005,4,1
37,2005-03-01,KLAC,0.61,0.55,2005,3,1
38,2004-12-01,KLAC,0.61,0.59,2005,2,1
39,2004-09-01,KLAC,0.58,0.56,2005,1,1
40,2004-06-01,KLAC,0.48,0.45,2004,4,1
41,2004-03-01,KLAC,0.33,0.29,2004,3,1
42,2003-12-01,KLAC,0.22,0.19,2004,2,1
43,2003-09-01,KLAC,0.18,0.17,2004,1,1
44,2003-06-01,KLAC,0.15,0.14300000000000002,2003,4,1
45,2003-03-01,KLAC,0.14,0.12,2003,3,1
46,2002-12-01,KLAC,0.15,0.14,2003,2,1
47,2002-09-01,KLAC,0.23,0.23,2003,1,0
48,2002-06-01,KLAC,0.23,0.2,2002,4,1
49,2002-03-01,KLAC,0.17,0.15,2002,3,1
50,2001-12-01,KLAC,0.25,0.23,2002,2,1
51,2001-09-01,KLAC,0.44,0.43,2002,1,1
52,2001-06-01,KLAC,0.29,0.26,2001,4,1
53,2001-03-01,KLAC,0.48,0.44,2001,3,1
54,2000-12-01,KLAC,0.57,0.56,2001,2,1
55,2000-09-01,KLAC,0.54,0.51,2001,1,1
56,2000-06-01,KLAC,0.47,0.43,2000,4,1
57,2000-03-01,KLAC,0.38,0.35,2000,3,1
58,1999-12-01,KLAC,0.26,0.24,2000,2,1
59,1999-09-01,KLAC,0.19,0.17,2000,1,1
0,2014-05-06,EA,0.48,0.10300000000000001,2014,4,1
1,2014-01-28,EA,1.26,1.2329999999999999,2014,3,1
2,2013-10-29,EA,0.33,0.11900000000000001,2014,2,1
3,2013-07-23,EA,-0.4,-0.59,2014,1,1
4,2013-05-07,EA,0.55,0.5710000000000001,2013,4,0
5,2013-01-30,EA,0.57,0.57,2013,3,0
6,2012-10-30,EA,0.15,0.11,2013,2,1
7,2012-07-31,EA,-0.41,-0.42,2013,1,1
8,2012-05-07,EA,0.17,0.17,2012,4,0
9,2012-02-01,EA,0.99,0.93,2012,3,1
10,2011-10-27,EA,0.05,-0.04,2012,2,1
11,2011-07-26,EA,-0.37,-0.39,2012,1,1
12,2011-05-04,EA,0.25,0.22,2011,4,1
13,2011-02-01,EA,0.59,0.56,2011,3,1
14,2010-11-02,EA,0.1,-0.1,2011,2,1
15,2010-06-01,EA,-0.24,-0.35,2011,1,1
16,2010-03-01,EA,0.07,0.07,2010,4,0
17,2009-12-01,EA,0.33,0.33,2010,3,0
18,2009-09-01,EA,0.06,0.06,2010,2,0
19,2009-06-01,EA,-0.02,-0.02,2010,1,0
20,2009-03-01,EA,-0.37,0.0,2009,4,0
21,2008-12-01,EA,0.56,0.89,2009,3,0
22,2008-09-01,EA,-0.06,0.0,2009,2,0
23,2008-06-01,EA,-0.42,0.0,2009,1,0
24,2008-03-01,EA,-0.42,0.0,2008,4,0
25,2007-12-01,EA,0.9,0.9,2008,3,0
26,2007-09-01,EA,0.27,0.19,2008,2,1
27,2007-06-01,EA,0.0,0.0,2008,1,0
28,2007-03-01,EA,0.06,0.02,2007,4,1
29,2006-12-01,EA,0.63,0.57,2007,3,1
30,2006-09-01,EA,0.21,0.01,2007,2,1
31,2006-06-01,EA,0.0,0.0,2007,1,0
32,2006-03-01,EA,0.14,0.09,2006,4,1
33,2005-12-01,EA,0.86,0.9,2006,3,0
34,2005-09-01,EA,0.15,0.04,2006,2,1
35,2005-06-01,EA,0.0,0.0,2006,1,0
36,2005-03-01,EA,0.09,0.09,2005,4,0
37,2004-12-01,EA,1.23,1.175,2005,3,1
38,2004-09-01,EA,0.31,0.34,2005,2,0
39,2004-06-01,EA,0.08,0.05,2005,1,1
40,2004-03-01,EA,0.25,0.21,2004,4,1
41,2003-12-01,EA,1.26,1.19,2004,3,1
42,2003-09-01,EA,0.25,0.225,2004,2,1
43,2003-06-01,EA,0.065,0.01,2004,1,1
44,2003-03-01,EA,0.2,0.17,2003,4,1
45,2002-12-01,EA,0.895,0.795,2003,3,1
46,2002-09-01,EA,0.175,0.08800000000000001,2003,2,1
47,2002-06-01,EA,0.03,0.0,2003,1,1
48,2002-03-01,EA,0.195,0.145,2002,4,1
49,2001-12-01,EA,0.515,0.445,2002,3,1
50,2001-09-01,EA,0.0,0.0,2002,2,0
51,2001-06-01,EA,0.0,0.0,2002,1,0
52,2001-03-01,EA,0.0,0.0,2001,4,0
53,2000-12-01,EA,0.33,0.34299999999999997,2001,3,0
54,2000-09-01,EA,0.0,0.0,2001,2,0
55,2000-06-01,EA,0.0,0.0,2001,1,0
56,2000-03-01,EA,0.03,0.0,2000,4,1
57,1999-12-01,EA,0.345,0.368,2000,3,0
58,1999-09-01,EA,0.07,0.0,2000,2,1
59,1999-06-01,EA,0.01,0.0,2000,1,1
0,2014-04-23,XLNX,0.53,0.5479999999999999,2014,4,0
1,2014-01-21,XLNX,0.55,0.534,2014,3,1
2,2013-10-16,XLNX,0.58,0.524,2014,2,1
3,2013-07-17,XLNX,0.56,0.473,2014,1,1
4,2013-04-24,XLNX,0.47,0.447,2013,4,1
5,2013-01-17,XLNX,0.38,0.37,2013,3,1
6,2012-10-17,XLNX,0.46,0.41,2013,2,1
7,2012-07-18,XLNX,0.47,0.45,2013,1,1
8,2012-04-25,XLNX,0.49,0.41,2012,4,1
9,2012-01-18,XLNX,0.41,0.37,2012,3,1
10,2011-09-01,XLNX,0.47,0.44,2012,2,1
11,2011-06-01,XLNX,0.56,0.53,2012,1,1
12,2011-03-01,XLNX,0.59,0.52,2011,4,1
13,2010-12-01,XLNX,0.58,0.52,2011,3,1
14,2010-09-01,XLNX,0.65,0.65,2011,2,0
15,2010-06-01,XLNX,0.58,0.53,2011,1,1
16,2010-04-28,XLNX,0.47,0.47,2010,4,0
17,2009-12-01,XLNX,0.4,0.38,2010,3,1
18,2009-09-01,XLNX,0.25,0.23,2010,2,1
19,2009-06-01,XLNX,0.21,0.14,2010,1,1
20,2009-03-01,XLNX,0.28,0.183,2009,4,1
21,2008-12-01,XLNX,0.32,0.38,2009,3,0
22,2008-09-01,XLNX,0.38,0.23,2009,2,1
23,2008-06-01,XLNX,0.38,0.14,2009,1,1
24,2008-03-01,XLNX,0.36,0.36,2008,4,0
25,2007-12-01,XLNX,0.35,0.32,2008,3,1
26,2007-09-01,XLNX,0.3,0.29,2008,2,1
27,2007-06-01,XLNX,0.28,0.29,2008,1,0
28,2007-03-01,XLNX,0.27,0.23,2007,4,1
29,2006-12-01,XLNX,0.25,0.23,2007,3,1
30,2006-09-01,XLNX,0.27,0.23,2007,2,1
31,2006-06-01,XLNX,0.24,0.26,2007,1,0
32,2006-03-01,XLNX,0.3,0.28,2006,4,1
33,2005-12-01,XLNX,0.27,0.27,2006,3,0
34,2005-09-01,XLNX,0.21,0.22,2006,2,0
35,2005-06-01,XLNX,0.21,0.21,2006,1,0
36,2005-03-01,XLNX,0.19,0.2,2005,4,0
37,2004-12-01,XLNX,0.17,0.17,2005,3,0
38,2004-09-01,XLNX,0.24,0.23,2005,2,1
39,2004-06-01,XLNX,0.28,0.28,2005,1,0
40,2004-03-01,XLNX,0.28,0.25,2004,4,1
41,2003-12-01,XLNX,0.2,0.18,2004,3,1
42,2003-09-01,XLNX,0.16,0.15,2004,2,1
43,2003-06-01,XLNX,0.15,0.15,2004,1,0
44,2003-03-01,XLNX,0.14,0.13,2003,4,1
45,2002-12-01,XLNX,0.12,0.12,2003,3,0
46,2002-09-01,XLNX,0.11,0.1,2003,2,1
47,2002-06-01,XLNX,0.12,0.12,2003,1,0
48,2002-03-01,XLNX,0.12,0.09,2002,4,1
49,2001-12-01,XLNX,0.07,0.04,2002,3,1
50,2001-09-01,XLNX,0.05,0.04,2002,2,1
51,2001-06-01,XLNX,0.08,0.07,2002,1,1
52,2001-03-01,XLNX,0.19,0.22,2001,4,0
53,2000-12-01,XLNX,0.31,0.32,2001,3,0
54,2000-09-01,XLNX,0.32,0.32,2001,2,0
55,2000-06-01,XLNX,0.27,0.25,2001,1,1
56,2000-03-01,XLNX,0.22,0.21,2000,4,1
57,1999-12-01,XLNX,0.2,0.19,2000,3,1
58,1999-09-01,XLNX,0.18,0.17,2000,2,1
59,1999-06-01,XLNX,0.15,0.0,2000,1,1
0,2014-05-21,NTAP,0.84,0.795,2014,4,1
1,2014-02-12,NTAP,0.75,0.711,2014,3,1
2,2013-11-13,NTAP,0.66,0.629,2014,2,1
3,2013-08-14,NTAP,0.53,0.49,2014,1,1
4,2013-05-21,NTAP,0.69,0.6809999999999999,2013,4,1
5,2013-02-13,NTAP,0.67,0.563,2013,3,1
6,2012-11-14,NTAP,0.51,0.47,2013,2,1
7,2012-08-15,NTAP,0.42,0.38,2013,1,1
8,2012-05-23,NTAP,0.66,0.63,2012,4,1
9,2012-02-15,NTAP,0.58,0.58,2012,3,0
10,2011-11-16,NTAP,0.63,0.59,2012,2,1
11,2011-08-17,NTAP,0.55,0.55,2012,1,0
12,2011-05-25,NTAP,0.59,0.53,2011,4,1
13,2011-02-16,NTAP,0.56,0.5,2011,3,1
14,2010-11-17,NTAP,0.54,0.49,2011,2,1
15,2010-08-18,NTAP,0.51,0.46,2011,1,1
16,2010-05-26,NTAP,0.5,0.5,2010,4,0
17,2010-02-17,NTAP,0.4,0.4,2010,3,0
18,2009-10-01,NTAP,0.37,0.37,2010,2,0
19,2009-07-01,NTAP,0.22,0.22,2010,1,0
20,2009-04-01,NTAP,0.31,0.23,2009,4,1
21,2009-01-01,NTAP,0.28,0.28,2009,3,0
22,2008-10-01,NTAP,0.28,0.37,2009,2,0
23,2008-07-01,NTAP,0.28,0.22,2009,1,1
24,2008-04-01,NTAP,0.38,0.36,2008,4,1
25,2008-01-01,NTAP,0.38,0.34,2008,3,1
26,2007-10-01,NTAP,0.32,0.26,2008,2,1
27,2007-07-01,NTAP,0.2,0.19,2008,1,1
28,2007-04-01,NTAP,0.18,0.21,2007,4,0
29,2007-01-01,NTAP,0.19,0.19,2007,3,0
30,2006-10-01,NTAP,0.17,0.16,2007,2,1
31,2006-07-01,NTAP,0.14,0.16,2007,1,0
32,2006-04-01,NTAP,0.23,0.23,2006,4,0
33,2006-01-01,NTAP,0.22,0.21,2006,3,1
34,2005-10-01,NTAP,0.21,0.18,2006,2,1
35,2005-07-01,NTAP,0.16,0.15,2006,1,1
36,2005-04-01,NTAP,0.17,0.17,2005,4,0
37,2005-01-01,NTAP,0.16,0.16,2005,3,0
38,2004-10-01,NTAP,0.16,0.14,2005,2,1
39,2004-07-01,NTAP,0.13,0.12,2005,1,1
40,2004-04-01,NTAP,0.12,0.12,2004,4,0
41,2004-01-01,NTAP,0.11,0.1,2004,3,1
42,2003-10-01,NTAP,0.09,0.09,2004,2,0
43,2003-07-01,NTAP,0.08,0.07,2004,1,1
44,2003-04-01,NTAP,0.07,0.07,2003,4,0
45,2003-01-01,NTAP,0.06,0.06,2003,3,0
46,2002-10-01,NTAP,0.05,0.05,2003,2,0
47,2002-07-01,NTAP,0.05,0.04,2003,1,1
48,2002-04-01,NTAP,0.04,0.04,2002,4,0
49,2002-01-01,NTAP,0.04,0.02,2002,3,1
50,2001-10-01,NTAP,0.02,0.01,2002,2,1
51,2001-07-01,NTAP,0.01,0.01,2002,1,0
52,2001-04-01,NTAP,0.02,0.02,2001,4,0
53,2001-01-01,NTAP,0.11,0.1,2001,3,1
54,2000-10-01,NTAP,0.1,0.1,2001,2,0
55,2000-07-01,NTAP,0.09,0.08,2001,1,1
56,2000-04-01,NTAP,0.07,0.06,2000,4,1
57,2000-01-01,NTAP,0.06,0.05,2000,3,1
58,1999-10-01,NTAP,0.05,0.05,2000,2,0
59,1999-07-01,NTAP,0.04,0.04,2000,1,0
0,2014-11-25,ADI,0.69,0.679,2014,4,1
1,2014-08-26,ADI,0.63,0.626,2014,3,1
2,2014-05-20,ADI,0.59,0.562,2014,2,1
3,2014-02-18,ADI,0.49,0.483,2014,1,1
4,2013-11-26,ADI,0.62,0.5820000000000001,2013,4,1
5,2013-08-20,ADI,0.57,0.544,2013,3,1
6,2013-05-21,ADI,0.52,0.523,2013,2,0
7,2013-02-19,ADI,0.44,0.444,2013,1,0
8,2012-11-27,ADI,0.58,0.57,2012,4,1
9,2012-08-21,ADI,0.56,0.56,2012,3,0
10,2012-05-22,ADI,0.53,0.51,2012,2,1
11,2012-02-22,ADI,0.46,0.48,2012,1,0
12,2011-11-21,ADI,0.6,0.63,2011,4,0
13,2011-08-16,ADI,0.71,0.73,2011,3,0
14,2011-05-17,ADI,0.75,0.68,2011,2,1
15,2011-02-15,ADI,0.66,0.65,2011,1,1
16,2010-11-22,ADI,0.73,0.7,2010,4,1
17,2010-08-17,ADI,0.65,0.6,2010,3,1
18,2010-04-01,ADI,0.55,0.5,2010,2,1
19,2010-01-01,ADI,0.43,0.38,2010,1,1
20,2009-10-01,ADI,0.36,0.26,2009,4,1
21,2009-07-01,ADI,0.22,0.19,2009,3,1
22,2009-04-01,ADI,0.21,0.09,2009,2,1
23,2009-01-01,ADI,0.18,0.16,2009,1,1
24,2008-10-01,ADI,0.49,0.45,2008,4,1
25,2008-07-01,ADI,0.49,0.44,2008,3,1
26,2008-04-01,ADI,0.44,0.41,2008,2,1
27,2008-01-01,ADI,0.44,0.4,2008,1,1
28,2007-10-01,ADI,0.38,0.38,2007,4,0
29,2007-07-01,ADI,0.38,0.36,2007,3,1
30,2007-04-01,ADI,0.36,0.36,2007,2,0
31,2007-01-01,ADI,0.36,0.37,2007,1,0
32,2006-10-01,ADI,0.4,0.36,2006,4,1
33,2006-07-01,ADI,0.43,0.405,2006,3,1
34,2006-04-01,ADI,0.38,0.36,2006,2,1
35,2006-01-01,ADI,0.37,0.36,2006,1,1
36,2005-10-01,ADI,0.36,0.35,2005,4,1
37,2005-07-01,ADI,0.32,0.31,2005,3,1
38,2005-04-01,ADI,0.31,0.3,2005,2,1
39,2005-01-01,ADI,0.28,0.29,2005,1,0
40,2004-10-01,ADI,0.35,0.333,2004,4,1
41,2004-07-01,ADI,0.43,0.45,2004,3,0
42,2004-04-01,ADI,0.39,0.35,2004,2,1
43,2004-01-01,ADI,0.3,0.28,2004,1,1
44,2003-10-01,ADI,0.25,0.23,2003,4,1
45,2003-07-01,ADI,0.21,0.21,2003,3,0
46,2003-04-01,ADI,0.19,0.18,2003,2,1
47,2003-01-01,ADI,0.17,0.16,2003,1,1
48,2002-10-01,ADI,0.16,0.16,2002,4,0
49,2002-07-01,ADI,0.15,0.15,2002,3,0
50,2002-04-01,ADI,0.13,0.12,2002,2,1
51,2002-01-01,ADI,0.11,0.11,2002,1,0
52,2001-10-01,ADI,0.14,0.12,2001,4,1
53,2001-07-01,ADI,0.17,0.17,2001,3,0
54,2001-04-01,ADI,0.31,0.32,2001,2,0
55,2001-01-01,ADI,0.5,0.5,2001,1,0
56,2000-10-01,ADI,0.54,0.5,2000,4,1
57,2000-07-01,ADI,0.43,0.37,2000,3,1
58,2000-04-01,ADI,0.32,0.28,2000,2,1
59,2000-01-01,ADI,0.25,0.22,2000,1,1
0,2014-08-13,CSCO,0.55,0.527,2014,4,1
1,2014-05-14,CSCO,0.51,0.477,2014,3,1
2,2014-02-12,CSCO,0.47,0.458,2014,2,1
3,2013-11-13,CSCO,0.53,0.502,2014,1,1
4,2013-08-14,CSCO,0.52,0.513,2013,4,1
5,2013-05-15,CSCO,0.51,0.491,2013,3,1
6,2013-02-13,CSCO,0.51,0.479,2013,2,1
7,2012-11-13,CSCO,0.48,0.46,2013,1,1
8,2012-08-15,CSCO,0.47,0.46,2012,4,1
9,2012-05-09,CSCO,0.48,0.47,2012,3,1
10,2012-02-08,CSCO,0.47,0.43,2012,2,1
11,2011-11-09,CSCO,0.43,0.39,2012,1,1
12,2011-08-10,CSCO,0.4,0.38,2011,4,1
13,2011-05-11,CSCO,0.42,0.37,2011,3,1
14,2011-02-09,CSCO,0.37,0.35,2011,2,1
15,2010-10-01,CSCO,0.42,0.4,2011,1,1
16,2010-07-01,CSCO,0.43,0.43,2010,4,0
17,2010-04-01,CSCO,0.42,0.42,2010,3,0
18,2010-01-01,CSCO,0.4,0.4,2010,2,0
19,2009-10-01,CSCO,0.36,0.36,2010,1,0
20,2009-07-01,CSCO,0.31,0.289,2009,4,1
21,2009-04-01,CSCO,0.3,0.25,2009,3,1
22,2009-01-01,CSCO,0.32,0.3,2009,2,1
23,2008-10-01,CSCO,0.42,0.36,2009,1,1
24,2008-07-01,CSCO,0.42,0.39,2008,4,1
25,2008-04-01,CSCO,0.38,0.36,2008,3,1
26,2008-01-01,CSCO,0.38,0.38,2008,2,0
27,2007-10-01,CSCO,0.4,0.36,2008,1,1
28,2007-07-01,CSCO,0.36,0.35,2007,4,1
29,2007-04-01,CSCO,0.34,0.33,2007,3,1
30,2007-01-01,CSCO,0.33,0.31,2007,2,1
31,2006-10-01,CSCO,0.31,0.29,2007,1,1
32,2006-07-01,CSCO,0.3,0.28,2006,4,1
33,2006-04-01,CSCO,0.29,0.26,2006,3,1
34,2006-01-01,CSCO,0.26,0.25,2006,2,1
35,2005-10-01,CSCO,0.25,0.24,2006,1,1
36,2005-07-01,CSCO,0.25,0.25,2005,4,0
37,2005-04-01,CSCO,0.23,0.22,2005,3,1
38,2005-01-01,CSCO,0.22,0.22,2005,2,0
39,2004-10-01,CSCO,0.21,0.21,2005,1,0
40,2004-07-01,CSCO,0.21,0.2,2004,4,1
41,2004-04-01,CSCO,0.19,0.18,2004,3,1
42,2004-01-01,CSCO,0.18,0.17,2004,2,1
43,2003-10-01,CSCO,0.17,0.15,2004,1,1
44,2003-07-01,CSCO,0.15,0.15,2003,4,0
45,2003-04-01,CSCO,0.15,0.14,2003,3,1
46,2003-01-01,CSCO,0.15,0.13,2003,2,1
47,2002-10-01,CSCO,0.14,0.13,2003,1,1
48,2002-07-01,CSCO,0.14,0.12,2002,4,1
49,2002-04-01,CSCO,0.11,0.09,2002,3,1
50,2002-01-01,CSCO,0.09,0.05,2002,2,1
51,2001-10-01,CSCO,0.04,0.02,2002,1,1
52,2001-07-01,CSCO,0.02,0.02,2001,4,0
53,2001-04-01,CSCO,0.03,0.01,2001,3,1
54,2001-01-01,CSCO,0.18,0.19,2001,2,0
55,2000-10-01,CSCO,0.18,0.17,2001,1,1
56,2000-07-01,CSCO,0.16,0.15,2000,4,1
57,2000-04-01,CSCO,0.14,0.135,2000,3,1
58,2000-01-01,CSCO,0.12,0.125,2000,2,0
59,1999-10-01,CSCO,0.11,0.12,2000,1,0
0,2014-07-30,WDC,1.85,1.7409999999999999,2014,4,1
1,2014-04-30,WDC,1.94,1.881,2014,3,1
2,2014-01-22,WDC,2.19,2.079,2014,2,1
3,2013-10-24,WDC,2.12,2.042,2014,1,1
4,2013-07-24,WDC,1.96,1.787,2013,4,1
5,2013-04-24,WDC,2.1,1.786,2013,3,1
6,2013-01-23,WDC,2.09,1.8,2013,2,1
7,2012-10-22,WDC,2.36,2.3,2013,1,1
8,2012-07-25,WDC,3.35,2.46,2012,4,1
9,2012-04-26,WDC,2.52,1.58,2012,3,1
10,2012-01-23,WDC,0.61,0.72,2012,2,0
11,2011-10-19,WDC,1.1,0.96,2012,1,1
12,2011-06-01,WDC,0.81,0.67,2011,4,1
13,2011-03-01,WDC,0.66,0.66,2011,3,0
14,2010-12-01,WDC,0.96,0.58,2011,2,1
15,2010-09-01,WDC,0.84,0.81,2011,1,1
16,2010-06-01,WDC,1.24,1.23,2010,4,1
17,2010-03-01,WDC,1.71,1.71,2010,3,0
18,2009-12-01,WDC,1.85,1.85,2010,2,0
19,2009-09-01,WDC,1.26,1.25,2010,1,1
20,2009-06-01,WDC,0.76,0.25,2009,4,1
21,2009-03-01,WDC,0.3,0.11,2009,3,1
22,2008-12-01,WDC,0.55,1.85,2009,2,0
23,2008-09-01,WDC,0.93,1.25,2009,1,0
24,2008-06-01,WDC,1.0,0.81,2008,4,1
25,2008-03-01,WDC,1.23,1.09,2008,3,1
26,2007-12-01,WDC,1.35,1.04,2008,2,1
27,2007-09-01,WDC,0.79,0.57,2008,1,1
28,2007-06-01,WDC,0.38,0.36,2007,4,1
29,2007-03-01,WDC,0.48,0.47,2007,3,1
30,2006-12-01,WDC,0.57,0.52,2007,2,1
31,2006-09-01,WDC,0.46,0.41,2007,1,1
32,2006-06-01,WDC,0.38,0.35,2006,4,1
33,2006-03-01,WDC,0.45,0.39,2006,3,1
34,2005-12-01,WDC,0.5,0.38,2006,2,1
35,2005-09-01,WDC,0.31,0.29,2006,1,1
36,2005-06-01,WDC,0.27,0.24,2005,4,1
37,2005-03-01,WDC,0.32,0.31,2005,3,1
38,2004-12-01,WDC,0.26,0.18,2005,2,1
39,2004-09-01,WDC,0.14,0.11,2005,1,1
40,2004-06-01,WDC,0.14,0.15,2004,4,0
41,2004-03-01,WDC,0.22,0.21,2004,3,1
42,2003-12-01,WDC,0.32,0.29,2004,2,1
43,2003-09-01,WDC,0.25,0.195,2004,1,1
44,2003-06-01,WDC,0.21,0.19,2003,4,1
45,2003-03-01,WDC,0.26,0.22,2003,3,1
46,2002-12-01,WDC,0.36,0.13,2003,2,1
47,2002-09-01,WDC,0.11,0.06,2003,1,1
48,2002-06-01,WDC,0.08,0.05,2002,4,1
49,2002-03-01,WDC,0.08,0.08,2002,3,0
50,2001-12-01,WDC,0.05,0.04,2002,2,1
51,2001-09-01,WDC,0.0,0.0,2002,1,0
52,2001-06-01,WDC,0.0,0.0,2001,4,0
53,2001-03-01,WDC,0.0,0.0,2001,3,0
54,2000-12-01,WDC,0.0,0.0,2001,2,0
55,2000-09-01,WDC,0.0,0.0,2001,1,0
56,2000-06-01,WDC,0.0,0.0,2000,4,0
57,2000-03-01,WDC,0.0,0.0,2000,3,0
58,1999-12-01,WDC,0.0,0.0,2000,2,0
59,1999-09-01,WDC,0.0,0.0,2000,1,0
0,2014-09-25,MU,0.82,0.82,2014,4,0
1,2014-06-23,MU,0.79,0.716,2014,3,1
2,2014-04-03,MU,0.85,0.613,2014,2,1
3,2014-01-07,MU,0.77,0.428,2014,1,1
4,2013-10-10,MU,0.29,0.228,2013,4,1
5,2013-06-19,MU,0.04,0.026000000000000002,2013,3,1
6,2013-03-21,MU,-0.28,-0.187,2013,2,0
7,2012-12-20,MU,-0.27,-0.19,2013,1,0
8,2012-09-27,MU,-0.24,-0.22,2012,4,0
9,2012-06-20,MU,-0.37,-0.19,2012,3,0
10,2012-03-22,MU,-0.29,-0.18,2012,2,0
11,2011-12-21,MU,-0.2,-0.08,2012,1,0
12,2011-09-29,MU,-0.14,0.01,2011,4,0
13,2011-06-23,MU,0.09,0.16,2011,3,0
14,2011-03-23,MU,0.07,0.02,2011,2,1
15,2010-12-22,MU,0.15,0.28,2011,1,0
16,2010-08-01,MU,0.32,0.32,2010,4,0
17,2010-05-01,MU,0.43,0.92,2010,3,0
18,2010-02-01,MU,0.39,0.39,2010,2,0
19,2009-11-01,MU,0.23,0.23,2010,1,0
20,2009-08-01,MU,-0.12,0.0,2009,4,0
21,2009-05-01,MU,-0.37,0.0,2009,3,0
22,2009-02-01,MU,-0.99,0.0,2009,2,0
23,2008-11-01,MU,-0.74,0.0,2009,1,0
24,2008-08-01,MU,-0.28,0.0,2008,4,0
25,2008-05-01,MU,-0.28,0.0,2008,3,0
26,2008-02-01,MU,-0.3,0.0,2008,2,0
27,2007-11-01,MU,-0.26,0.0,2008,1,0
28,2007-08-01,MU,-0.18,0.0,2007,4,0
29,2007-05-01,MU,0.0,0.0,2007,3,0
30,2007-02-01,MU,0.0,0.0,2007,2,0
31,2006-11-01,MU,0.21,0.2,2007,1,1
32,2006-08-01,MU,0.14,0.14,2006,4,0
33,2006-05-01,MU,0.13,0.095,2006,3,1
34,2006-02-01,MU,0.0,0.045,2006,2,0
35,2005-11-01,MU,0.09,0.09,2006,1,0
36,2005-08-01,MU,0.07,0.0,2005,4,1
37,2005-05-01,MU,0.0,0.0,2005,3,0
38,2005-02-01,MU,0.17,0.145,2005,2,1
39,2004-11-01,MU,0.23,0.22,2005,1,1
40,2004-08-01,MU,0.14,0.2,2004,4,0
41,2004-05-01,MU,0.13,0.09,2004,3,1
42,2004-02-01,MU,0.0,0.0,2004,2,0
43,2003-11-01,MU,0.0,0.0,2004,1,0
44,2003-08-01,MU,0.0,0.0,2003,4,0
45,2003-05-01,MU,0.0,0.0,2003,3,0
46,2003-02-01,MU,0.0,0.0,2003,2,0
47,2002-11-01,MU,0.0,0.0,2003,1,0
48,2002-08-01,MU,0.0,0.0,2002,4,0
49,2002-05-01,MU,0.0,0.055,2002,3,0
50,2002-02-01,MU,0.0,0.0,2002,2,0
51,2001-11-01,MU,0.0,0.0,2002,1,0
52,2001-08-01,MU,0.0,0.0,2001,4,0
53,2001-05-01,MU,0.0,0.0,2001,3,0
54,2001-02-01,MU,0.0,0.0,2001,2,0
55,2000-11-01,MU,0.58,0.55,2001,1,1
56,2000-08-01,MU,1.16,0.95,2000,4,1
57,2000-05-01,MU,0.47,0.415,2000,3,1
58,2000-02-01,MU,0.29,0.31,2000,2,0
59,1999-11-01,MU,0.57,0.4,2000,1,1
0,2015-02-04,CTSH,0.67,0.647,2014,4,1
1,2014-11-05,CTSH,0.66,0.5870000000000001,2014,3,1
2,2014-08-06,CTSH,0.61,0.58,2014,2,1
3,2014-05-07,CTSH,0.57,0.562,2014,1,1
4,2014-02-05,CTSH,0.53,0.53,2013,4,0
5,2013-11-05,CTSH,0.53,0.5,2013,3,1
6,2013-08-06,CTSH,0.5,0.49,2013,2,1
7,2013-05-08,CTSH,0.47,0.46,2013,1,1
8,2013-02-07,CTSH,0.46,0.46,2012,4,0
9,2012-11-07,CTSH,0.46,0.44,2012,3,1
10,2012-08-06,CTSH,0.41,0.4,2012,2,1
11,2012-05-07,CTSH,0.4,0.4,2012,1,0
12,2012-02-08,CTSH,0.39,0.39,2011,4,0
13,2011-11-02,CTSH,0.37,0.36,2011,3,1
14,2011-08-02,CTSH,0.34,0.33,2011,2,1
15,2011-05-03,CTSH,0.36,0.32,2011,1,1
16,2011-02-07,CTSH,0.35,0.33,2010,4,1
17,2010-11-01,CTSH,0.35,0.3,2010,3,1
18,2010-08-03,CTSH,0.3,0.26,2010,2,1
19,2010-05-04,CTSH,0.27,0.24,2010,1,1
20,2009-12-01,CTSH,0.25,0.0,2009,4,1
21,2009-09-01,CTSH,0.24,0.0,2009,3,1
22,2009-06-01,CTSH,0.25,0.19,2009,2,1
23,2009-03-01,CTSH,0.21,0.19,2009,1,1
24,2008-12-01,CTSH,0.21,0.19,2008,4,1
25,2008-09-01,CTSH,0.2,0.19,2008,3,1
26,2008-06-01,CTSH,0.2,0.18,2008,2,1
27,2008-03-01,CTSH,0.19,0.16,2008,1,1
28,2007-12-01,CTSH,0.18,0.16,2007,4,1
29,2007-09-01,CTSH,0.17,0.14,2007,3,1
30,2007-06-01,CTSH,0.15,0.13,2007,2,1
31,2007-03-01,CTSH,0.13,0.12,2007,1,1
32,2006-12-01,CTSH,0.12,0.11,2006,4,1
33,2006-09-01,CTSH,0.1,0.1,2006,3,0
34,2006-06-01,CTSH,0.09,0.08,2006,2,1
35,2006-03-01,CTSH,0.08,0.07,2006,1,1
36,2005-12-01,CTSH,0.08,0.07,2005,4,1
37,2005-09-01,CTSH,0.07,0.07,2005,3,0
38,2005-06-01,CTSH,0.06,0.06,2005,2,0
39,2005-03-01,CTSH,0.06,0.05,2005,1,1
40,2004-12-01,CTSH,0.05,0.05,2004,4,0
41,2004-09-01,CTSH,0.05,0.05,2004,3,0
42,2004-06-01,CTSH,0.04,0.04,2004,2,0
43,2004-03-01,CTSH,0.04,0.03,2004,1,1
44,2003-12-01,CTSH,0.03,0.03,2003,4,0
45,2003-09-01,CTSH,0.03,0.03,2003,3,0
46,2003-06-01,CTSH,0.03,0.02,2003,2,1
47,2003-03-01,CTSH,0.02,0.02,2003,1,0
48,2002-12-01,CTSH,0.02,0.02,2002,4,0
49,2002-09-01,CTSH,0.02,0.02,2002,3,0
50,2002-06-01,CTSH,0.02,0.02,2002,2,0
51,2002-03-01,CTSH,0.01,0.01,2002,1,0
52,2001-12-01,CTSH,0.01,0.01,2001,4,0
53,2001-09-01,CTSH,0.01,0.01,2001,3,0
54,2001-06-01,CTSH,0.01,0.01,2001,2,0
55,2001-03-01,CTSH,0.01,0.01,2001,1,0
56,2000-12-01,CTSH,0.01,0.01,2000,4,0
57,2000-09-01,CTSH,0.01,0.01,2000,3,0
58,2000-06-01,CTSH,0.01,0.0,2000,2,1
59,2000-03-01,CTSH,0.013999999999999999,0.0,2000,1,1
0,2015-02-05,ATVI,0.94,0.882,2014,4,1
1,2014-11-04,ATVI,0.23,0.122,2014,3,1
2,2014-08-05,ATVI,0.06,0.016,2014,2,1
3,2014-05-06,ATVI,0.19,0.099,2014,1,1
4,2014-02-06,ATVI,0.79,0.728,2013,4,1
5,2013-11-06,ATVI,0.08,0.035,2013,3,1
6,2013-08-01,ATVI,0.08,0.068,2013,2,1
7,2013-05-08,ATVI,0.17,0.108,2013,1,1
8,2013-02-07,ATVI,0.78,0.708,2012,4,1
9,2012-11-07,ATVI,0.15,0.08,2012,3,1
10,2012-08-02,ATVI,0.2,0.12,2012,2,1
11,2012-05-09,ATVI,0.06,0.04,2012,1,1
12,2012-02-09,ATVI,0.62,0.55,2011,4,1
13,2011-11-08,ATVI,0.07,0.02,2011,3,1
14,2011-08-03,ATVI,0.1,0.05,2011,2,1
15,2011-05-09,ATVI,0.13,0.08,2011,1,1
16,2011-02-09,ATVI,0.53,0.51,2010,4,1
17,2010-11-04,ATVI,0.12,0.09,2010,3,1
18,2010-08-05,ATVI,0.06,0.05,2010,2,1
19,2010-05-06,ATVI,0.09,0.04,2010,1,1
20,2010-02-10,ATVI,0.49,0.44,2009,4,1
21,2009-11-05,ATVI,0.04,0.04,2009,3,0
22,2009-08-05,ATVI,0.08,0.07,2009,2,1
23,2009-03-01,ATVI,0.08,0.04,2009,1,1
24,2008-12-01,ATVI,0.31,0.29,2008,4,1
25,2008-09-01,ATVI,0.07,0.04,2008,3,1
26,2008-03-01,ATVI,0.15,0.0,2008,1,1
27,2006-12-01,ATVI,0.14,0.21,2007,3,0
28,2006-09-01,ATVI,0.08,0.0,2007,2,1
29,2006-06-01,ATVI,0.0,0.0,2007,1,0
30,2006-03-01,ATVI,0.0,0.0,2006,4,0
31,2005-12-01,ATVI,0.115,0.17800000000000002,2006,3,0
32,2005-09-01,ATVI,0.0,0.0,2006,2,0
33,2005-06-01,ATVI,0.0,0.0,2006,1,0
34,2005-03-01,ATVI,0.008,0.004,2005,4,1
35,2004-12-01,ATVI,0.177,0.155,2005,3,1
36,2004-09-01,ATVI,0.048,0.025,2005,2,1
37,2004-06-01,ATVI,0.023,0.014,2005,1,1
38,2004-03-01,ATVI,0.011,0.003,2004,4,1
39,2003-12-01,ATVI,0.14800000000000002,0.126,2004,3,1
40,2003-09-01,ATVI,0.0,0.0,2004,2,0
41,2003-06-01,ATVI,0.008,0.0,2004,1,1
42,2003-03-01,ATVI,0.0,0.0,2003,4,0
43,2002-12-01,ATVI,0.079,0.07400000000000001,2003,3,1
44,2002-09-01,ATVI,0.016,0.013,2003,2,1
45,2002-06-01,ATVI,0.039,0.023,2003,1,1
46,2002-03-01,ATVI,0.021,0.014,2002,4,1
47,2001-12-01,ATVI,0.083,0.073,2002,3,1
48,2001-09-01,ATVI,0.005,0.001,2002,2,1
49,2001-06-01,ATVI,0.0,0.0,2002,1,0
50,2001-03-01,ATVI,0.003,0.001,2001,4,1
51,2000-12-01,ATVI,0.058,0.05,2001,3,1
52,2000-09-01,ATVI,0.014,0.008,2001,2,1
53,2000-06-01,ATVI,0.0,0.0,2001,1,0
54,2000-03-01,ATVI,0.008,0.0,2000,4,1
55,1999-12-01,ATVI,0.063,0.0,2000,3,1
56,1999-09-01,ATVI,0.003,0.0,2000,2,1
57,1999-06-01,ATVI,0.0,0.0,2000,1,0
0,2015-02-05,VRSN,0.7,0.7070000000000001,2014,4,0
1,2014-10-23,VRSN,0.7,0.685,2014,3,1
2,2014-07-24,VRSN,0.68,0.637,2014,2,1
3,2014-04-24,VRSN,0.64,0.626,2014,1,1
4,2014-02-06,VRSN,0.65,0.6,2013,4,1
5,2013-10-24,VRSN,0.59,0.5660000000000001,2013,3,1
6,2013-07-25,VRSN,0.58,0.551,2013,2,1
7,2013-04-25,VRSN,0.58,0.541,2013,1,1
8,2013-01-24,VRSN,0.59,0.51,2012,4,1
9,2012-10-25,VRSN,0.5,0.49,2012,3,1
10,2012-07-26,VRSN,0.45,0.45,2012,2,0
11,2012-04-26,VRSN,0.42,0.43,2012,1,0
12,2012-01-26,VRSN,0.4,0.41,2011,4,0
13,2011-10-27,VRSN,0.39,0.37,2011,3,1
14,2011-07-28,VRSN,0.38,0.35,2011,2,1
15,2011-04-28,VRSN,0.32,0.32,2011,1,0
16,2011-01-27,VRSN,0.31,0.3,2010,4,1
17,2010-10-28,VRSN,0.28,0.26,2010,3,1
18,2010-08-02,VRSN,0.23,0.24,2010,2,0
19,2010-04-28,VRSN,0.22,0.0,2010,1,1
20,2010-02-02,VRSN,0.17,0.34,2009,4,0
21,2009-09-01,VRSN,0.16,0.32,2009,3,0
22,2009-06-01,VRSN,0.16,0.32,2009,2,0
23,2009-03-01,VRSN,0.15,0.28,2009,1,0
24,2008-12-01,VRSN,0.28,0.28300000000000003,2008,4,0
25,2008-09-01,VRSN,0.24,0.26,2008,3,0
26,2008-06-01,VRSN,0.24,0.23,2008,2,1
27,2008-03-01,VRSN,0.24,0.2,2008,1,1
28,2007-12-01,VRSN,-0.85,0.29,2007,4,0
29,2007-09-01,VRSN,0.05,0.27,2007,3,0
30,2007-06-01,VRSN,0.25,0.25,2007,2,0
31,2007-03-01,VRSN,0.4,0.22,2007,1,1
32,2006-12-01,VRSN,0.24,0.25,2006,4,0
33,2006-09-01,VRSN,0.24,0.19,2006,3,1
34,2006-06-01,VRSN,0.2,0.19,2006,2,1
35,2006-03-01,VRSN,0.18,0.18,2006,1,0
36,2005-12-01,VRSN,0.26,0.26,2005,4,0
37,2005-09-01,VRSN,0.27,0.27,2005,3,0
38,2005-06-01,VRSN,0.27,0.26,2005,2,1
39,2005-03-01,VRSN,0.25,0.21,2005,1,1
40,2004-12-01,VRSN,0.21,0.2,2004,4,1
41,2004-09-01,VRSN,0.19,0.16,2004,3,1
42,2004-06-01,VRSN,0.15,0.15,2004,2,0
43,2004-03-01,VRSN,0.14,0.13,2004,1,1
44,2003-12-01,VRSN,0.17,0.13,2003,4,1
45,2003-09-01,VRSN,0.15,0.14,2003,3,1
46,2003-06-01,VRSN,0.14,0.14,2003,2,0
47,2003-03-01,VRSN,0.14,0.14,2003,1,0
48,2002-12-01,VRSN,0.14,0.14,2002,4,0
49,2002-09-01,VRSN,0.14,0.14,2002,3,0
50,2002-06-01,VRSN,0.15,0.15,2002,2,0
51,2002-03-01,VRSN,0.2,0.2,2002,1,0
52,2001-12-01,VRSN,0.2,0.19,2001,4,1
53,2001-09-01,VRSN,0.17,0.16,2001,3,1
54,2001-06-01,VRSN,0.15,0.14,2001,2,1
55,2001-03-01,VRSN,0.14,0.13,2001,1,1
56,2000-12-01,VRSN,0.13,0.11,2000,4,1
57,2000-09-01,VRSN,0.11,0.055,2000,3,1
58,2000-06-01,VRSN,0.07,0.0,2000,2,1
59,2000-03-01,VRSN,0.02,0.02,2000,1,0
0,2014-12-11,ADBE,0.36,0.299,2014,4,1
1,2014-09-16,ADBE,0.28,0.259,2014,3,1
2,2014-06-17,ADBE,0.37,0.294,2014,2,1
3,2014-03-18,ADBE,0.3,0.253,2014,1,1
4,2013-12-12,ADBE,0.32,0.318,2013,4,1
5,2013-09-17,ADBE,0.32,0.336,2013,3,0
6,2013-06-18,ADBE,0.36,0.332,2013,2,1
7,2013-03-19,ADBE,0.35,0.31,2013,1,1
8,2012-12-13,ADBE,0.61,0.57,2012,4,1
9,2012-09-19,ADBE,0.58,0.58,2012,3,0
10,2012-06-19,ADBE,0.6,0.59,2012,2,1
11,2012-03-19,ADBE,0.57,0.57,2012,1,0
12,2011-12-15,ADBE,0.67,0.6,2011,4,1
13,2011-09-20,ADBE,0.55,0.54,2011,3,1
14,2011-05-01,ADBE,0.55,0.51,2011,2,1
15,2011-02-01,ADBE,0.58,0.57,2011,1,1
16,2010-11-01,ADBE,0.56,0.52,2010,4,1
17,2010-08-01,ADBE,0.54,0.49,2010,3,1
18,2010-05-01,ADBE,0.44,0.42,2010,2,1
19,2010-02-01,ADBE,0.4,0.37,2010,1,1
20,2009-11-01,ADBE,0.39,0.37,2009,4,1
21,2009-08-01,ADBE,0.35,0.34,2009,3,1
22,2009-05-01,ADBE,0.35,0.35,2009,2,0
23,2009-02-01,ADBE,0.45,0.44,2009,1,1
24,2008-11-01,ADBE,0.6,0.59,2008,4,1
25,2008-08-01,ADBE,0.5,0.46,2008,3,1
26,2008-05-01,ADBE,0.5,0.46,2008,2,1
27,2008-02-01,ADBE,0.48,0.45,2008,1,1
28,2007-11-01,ADBE,0.49,0.48,2007,4,1
29,2007-08-01,ADBE,0.45,0.41,2007,3,1
30,2007-05-01,ADBE,0.37,0.36,2007,2,1
31,2007-02-01,ADBE,0.3,0.29,2007,1,1
32,2006-11-01,ADBE,0.33,0.33,2006,4,0
33,2006-08-01,ADBE,0.29,0.26,2006,3,1
34,2006-05-01,ADBE,0.31,0.3,2006,2,1
35,2006-02-01,ADBE,0.32,0.29,2006,1,1
36,2005-11-01,ADBE,0.3,0.29,2005,4,1
37,2005-08-01,ADBE,0.29,0.27,2005,3,1
38,2005-05-01,ADBE,0.28,0.27,2005,2,1
39,2005-02-01,ADBE,0.265,0.25,2005,1,1
40,2004-11-01,ADBE,0.22,0.21,2004,4,1
41,2004-08-01,ADBE,0.215,0.195,2004,3,1
42,2004-05-01,ADBE,0.22,0.21,2004,2,1
43,2004-02-01,ADBE,0.25,0.2,2004,1,1
44,2003-11-01,ADBE,0.17,0.16,2003,4,1
45,2003-08-01,ADBE,0.14,0.125,2003,3,1
46,2003-05-01,ADBE,0.14,0.13,2003,2,1
47,2003-02-01,ADBE,0.125,0.11,2003,1,1
48,2002-11-01,ADBE,0.125,0.115,2002,4,1
49,2002-08-01,ADBE,0.11,0.095,2002,3,1
50,2002-05-01,ADBE,0.135,0.125,2002,2,1
51,2002-02-01,ADBE,0.11,0.1,2002,1,1
52,2001-11-01,ADBE,0.1,0.105,2001,4,0
53,2001-08-01,ADBE,0.14,0.14,2001,3,0
54,2001-05-01,ADBE,0.17,0.14300000000000002,2001,2,1
55,2001-02-01,ADBE,0.165,0.135,2001,1,1
56,2000-11-01,ADBE,0.17,0.145,2000,4,1
57,2000-08-01,ADBE,0.145,0.13,2000,3,1
58,2000-05-01,ADBE,0.13,0.121,2000,2,1
59,2000-02-01,ADBE,0.12,0.108,2000,1,1
0,2015-02-19,EQIX,0.56,0.767,2014,4,0
1,2014-10-29,EQIX,0.81,0.875,2014,3,0
2,2014-07-30,EQIX,0.22,0.807,2014,2,0
3,2014-04-30,EQIX,0.81,0.73,2014,1,1
4,2014-02-19,EQIX,0.88,0.784,2013,4,1
5,2013-10-23,EQIX,0.72,0.575,2013,3,1
6,2013-07-24,EQIX,0.09,0.593,2013,2,0
7,2013-04-24,EQIX,0.71,0.746,2013,1,0
8,2013-02-13,EQIX,0.88,0.624,2012,4,1
9,2012-10-30,EQIX,0.57,0.57,2012,3,0
10,2012-07-25,EQIX,0.72,0.6,2012,2,1
11,2012-04-25,EQIX,0.72,0.49,2012,1,1
12,2012-02-15,EQIX,0.35,0.44,2011,4,0
13,2011-10-26,EQIX,0.19,0.43,2011,3,0
14,2011-07-27,EQIX,0.64,0.47,2011,2,1
15,2011-04-27,EQIX,0.53,0.29,2011,1,1
16,2011-02-09,EQIX,0.29,0.23,2010,4,1
17,2010-10-26,EQIX,0.24,0.26,2010,3,0
18,2010-07-28,EQIX,-0.05,0.25,2010,2,0
19,2010-03-01,EQIX,0.35,0.43,2010,1,0
20,2009-12-01,EQIX,0.44,0.33,2009,4,1
21,2009-09-01,EQIX,0.47,0.31,2009,3,1
22,2009-06-01,EQIX,0.44,0.325,2009,2,1
23,2009-03-01,EQIX,0.4,0.16,2009,1,1
24,2008-12-01,EQIX,-0.19,0.24,2008,4,0
25,2008-09-01,EQIX,0.15,0.12,2008,3,1
26,2008-06-01,EQIX,0.02,0.16,2008,2,0
27,2008-03-01,EQIX,0.1,0.0,2008,1,1
28,2007-12-01,EQIX,-0.17,0.0,2007,4,0
29,2007-09-01,EQIX,0.2,0.0,2007,3,1
30,2007-06-01,EQIX,0.05,0.0,2007,2,1
31,2007-03-01,EQIX,0.0,0.0,2007,1,0
32,2006-12-01,EQIX,0.02,0.0,2006,4,1
33,2006-09-01,EQIX,0.0,0.0,2006,3,0
34,2006-06-01,EQIX,0.0,0.0,2006,2,0
35,2006-03-01,EQIX,0.1,0.03,2006,1,1
36,2005-12-01,EQIX,0.05,0.025,2005,4,1
37,2005-09-01,EQIX,0.0,0.0,2005,3,0
38,2005-06-01,EQIX,0.0,0.0,2005,2,0
39,2005-03-01,EQIX,0.0,0.0,2005,1,0
40,2004-12-01,EQIX,0.0,0.0,2004,4,0
41,2004-09-01,EQIX,0.0,0.0,2004,3,0
42,2004-06-01,EQIX,0.0,0.0,2004,2,0
43,2004-03-01,EQIX,0.0,0.0,2004,1,0
44,2003-12-01,EQIX,0.0,0.0,2003,4,0
45,2003-09-01,EQIX,0.0,0.0,2003,3,0
46,2003-06-01,EQIX,0.0,0.0,2003,2,0
47,2003-03-01,EQIX,0.0,0.0,2003,1,0
48,2002-12-01,EQIX,0.0,0.0,2002,4,0
49,2002-09-01,EQIX,0.0,0.0,2002,3,0
50,2002-06-01,EQIX,0.0,0.0,2002,2,0
51,2002-03-01,EQIX,0.0,0.0,2002,1,0
52,2001-12-01,EQIX,0.0,0.0,2001,4,0
53,2001-09-01,EQIX,0.0,0.0,2001,3,0
54,2001-06-01,EQIX,0.0,0.0,2001,2,0
55,2001-03-01,EQIX,0.0,0.0,2001,1,0
56,2000-12-01,EQIX,0.0,0.0,2000,4,0
57,2000-09-01,EQIX,0.0,0.0,2000,3,0
58,2000-06-01,EQIX,0.0,0.0,2000,2,0
59,2000-03-01,EQIX,0.0,0.0,2000,1,0
0,2014-11-06,SWKS,1.12,1.071,2014,4,1
1,2014-07-17,SWKS,0.83,0.8009999999999999,2014,3,1
2,2014-04-22,SWKS,0.62,0.59,2014,2,1
3,2014-01-16,SWKS,0.67,0.66,2014,1,1
4,2013-10-30,SWKS,0.64,0.622,2013,4,1
5,2013-07-18,SWKS,0.54,0.532,2013,3,1
6,2013-04-25,SWKS,0.48,0.47,2013,2,1
7,2013-01-30,SWKS,0.54,0.54,2013,1,0
8,2012-11-01,SWKS,0.53,0.52,2012,4,1
9,2012-07-18,SWKS,0.45,0.44,2012,3,1
10,2012-04-26,SWKS,0.42,0.4,2012,2,1
11,2012-01-19,SWKS,0.51,0.5,2012,1,1
12,2011-11-03,SWKS,0.54,0.53,2011,4,1
13,2011-07-21,SWKS,0.49,0.46,2011,3,1
14,2011-04-28,SWKS,0.41,0.39,2011,2,1
15,2011-01-20,SWKS,0.45,0.44,2011,1,1
16,2010-11-04,SWKS,0.43,0.4,2010,4,1
17,2010-07-22,SWKS,0.32,0.3,2010,3,1
18,2010-04-29,SWKS,0.24,0.23,2010,2,1
19,2010-01-20,SWKS,0.27,0.25,2010,1,1
20,2009-11-05,SWKS,0.24,0.22,2009,4,1
21,2009-06-01,SWKS,0.16,0.14,2009,3,1
22,2009-03-01,SWKS,0.12,0.1,2009,2,1
23,2008-12-01,SWKS,0.17,0.25,2009,1,0
24,2008-09-01,SWKS,0.21,0.2,2008,4,1
25,2008-06-01,SWKS,0.18,0.17,2008,3,1
26,2008-03-01,SWKS,0.16,0.15,2008,2,1
27,2007-12-01,SWKS,0.17,0.16,2008,1,1
28,2007-09-01,SWKS,0.14,0.13,2007,4,1
29,2007-06-01,SWKS,0.11,0.09,2007,3,1
30,2007-03-01,SWKS,0.1,0.1,2007,2,0
31,2006-12-01,SWKS,0.13,0.13,2007,1,0
32,2006-09-01,SWKS,0.07,0.05,2006,4,1
33,2006-06-01,SWKS,0.05,0.05,2006,3,0
34,2006-03-01,SWKS,0.03,0.02,2006,2,1
35,2005-12-01,SWKS,0.07,0.07,2006,1,0
36,2005-09-01,SWKS,0.04,0.03,2005,4,1
37,2005-06-01,SWKS,0.06,0.05,2005,3,1
38,2005-03-01,SWKS,0.04,0.04,2005,2,0
39,2004-12-01,SWKS,0.13,0.13,2005,1,0
40,2004-09-01,SWKS,0.12,0.11,2004,4,1
41,2004-06-01,SWKS,0.1,0.07,2004,3,1
42,2004-03-01,SWKS,0.05,0.04,2004,2,1
43,2003-12-01,SWKS,0.04,0.01,2004,1,1
44,2002-09-01,SWKS,0.0,0.0,2002,4,0
45,2002-06-01,SWKS,0.0,0.0,2002,3,0
46,2002-03-01,SWKS,0.0,0.0,2002,2,0
0,2014-11-05,QCOM,1.26,1.3130000000000002,2014,4,0
1,2014-07-23,QCOM,1.31,1.217,2014,3,1
2,2014-04-23,QCOM,1.31,1.2229999999999999,2014,2,1
3,2014-01-29,QCOM,1.26,1.198,2014,1,1
4,2013-11-06,QCOM,1.05,1.081,2013,4,0
5,2013-07-24,QCOM,1.03,1.031,2013,3,0
6,2013-04-24,QCOM,1.17,1.158,2013,2,1
7,2013-01-30,QCOM,1.26,1.12,2013,1,1
8,2012-11-07,QCOM,0.89,0.82,2012,4,1
9,2012-07-18,QCOM,0.85,0.86,2012,3,0
10,2012-04-18,QCOM,1.03,0.96,2012,2,1
11,2012-02-01,QCOM,0.97,0.95,2012,1,1
12,2011-11-02,QCOM,0.8,0.78,2011,4,1
13,2011-07-20,QCOM,0.73,0.71,2011,3,1
14,2011-04-20,QCOM,1.02,0.8,2011,2,1
15,2011-01-26,QCOM,0.82,0.72,2011,1,1
16,2010-11-03,QCOM,0.68,0.59,2010,4,1
17,2010-06-01,QCOM,0.57,0.54,2010,3,1
18,2010-03-01,QCOM,0.59,0.57,2010,2,1
19,2009-12-01,QCOM,0.62,0.56,2010,1,1
20,2009-09-01,QCOM,0.64,0.52,2009,4,1
21,2009-06-01,QCOM,0.54,0.52,2009,3,1
22,2009-03-01,QCOM,0.43,0.41,2009,2,1
23,2008-12-01,QCOM,0.31,0.56,2009,1,0
24,2008-09-01,QCOM,0.63,0.605,2008,4,1
25,2008-06-01,QCOM,0.55,0.55,2008,3,0
26,2008-03-01,QCOM,0.54,0.52,2008,2,1
27,2007-12-01,QCOM,0.52,0.53,2008,1,0
28,2007-09-01,QCOM,0.54,0.53,2007,4,1
29,2007-06-01,QCOM,0.55,0.51,2007,3,1
30,2007-03-01,QCOM,0.5,0.48,2007,2,1
31,2006-12-01,QCOM,0.43,0.42,2007,1,1
32,2006-09-01,QCOM,0.42,0.41,2006,4,1
33,2006-06-01,QCOM,0.42,0.42,2006,3,0
34,2006-03-01,QCOM,0.41,0.41,2006,2,0
35,2005-12-01,QCOM,0.39,0.38,2006,1,1
36,2005-09-01,QCOM,0.32,0.33,2005,4,0
37,2005-06-01,QCOM,0.28,0.25,2005,3,1
38,2005-03-01,QCOM,0.29,0.27,2005,2,1
39,2004-12-01,QCOM,0.28,0.27,2005,1,1
40,2004-09-01,QCOM,0.29,0.29,2004,4,0
41,2004-06-01,QCOM,0.285,0.265,2004,3,1
42,2004-03-01,QCOM,0.265,0.245,2004,2,1
43,2003-12-01,QCOM,0.255,0.24,2004,1,1
44,2003-09-01,QCOM,0.145,0.145,2003,4,0
45,2003-06-01,QCOM,0.165,0.15,2003,3,1
46,2003-03-01,QCOM,0.19,0.18,2003,2,1
47,2002-12-01,QCOM,0.21,0.19,2003,1,1
48,2002-09-01,QCOM,0.155,0.14,2002,4,1
49,2002-06-01,QCOM,0.12,0.11,2002,3,1
50,2002-03-01,QCOM,0.1,0.1,2002,2,0
51,2001-12-01,QCOM,0.115,0.11,2002,1,1
52,2001-09-01,QCOM,0.115,0.125,2001,4,0
53,2001-06-01,QCOM,0.11,0.105,2001,3,1
54,2001-03-01,QCOM,0.145,0.145,2001,2,0
55,2000-12-01,QCOM,0.145,0.14,2001,1,1
56,2000-09-01,QCOM,0.125,0.12,2000,4,1
57,2000-06-01,QCOM,0.135,0.135,2000,3,0
58,2000-03-01,QCOM,0.13,0.125,2000,2,1
59,1999-12-01,QCOM,0.125,0.12,2000,1,1
0,2015-02-06,FLIR,0.52,0.486,2014,4,1
1,2014-10-24,FLIR,0.39,0.349,2014,3,1
2,2014-07-24,FLIR,0.31,0.345,2014,2,0
3,2014-04-25,FLIR,0.25,0.258,2014,1,0
4,2014-02-07,FLIR,0.2,0.365,2013,4,0
5,2013-10-24,FLIR,0.32,0.32899999999999996,2013,3,0
6,2013-07-25,FLIR,0.35,0.3670000000000001,2013,2,0
7,2013-04-26,FLIR,0.35,0.344,2013,1,1
8,2013-02-07,FLIR,0.52,0.494,2012,4,1
9,2012-10-25,FLIR,0.37,0.35,2012,3,1
10,2012-07-26,FLIR,0.31,0.28,2012,2,1
11,2012-04-27,FLIR,0.31,0.33,2012,1,0
12,2012-02-10,FLIR,0.49,0.45,2011,4,1
13,2011-10-20,FLIR,0.42,0.36,2011,3,1
14,2011-07-22,FLIR,0.36,0.34,2011,2,1
15,2011-04-29,FLIR,0.32,0.36,2011,1,0
16,2011-02-09,FLIR,0.43,0.44,2010,4,0
17,2010-10-21,FLIR,0.39,0.38,2010,3,1
18,2010-07-22,FLIR,0.37,0.35,2010,2,1
19,2010-04-23,FLIR,0.35,0.34,2010,1,1
20,2010-02-11,FLIR,0.38,0.39,2009,4,0
21,2009-10-21,FLIR,0.38,0.35,2009,3,1
22,2009-07-23,FLIR,0.35,0.35100000000000003,2009,2,0
23,2009-03-01,FLIR,0.35,0.3,2009,1,1
24,2008-12-01,FLIR,0.41,0.38,2008,4,1
25,2008-09-01,FLIR,0.35,0.315,2008,3,1
26,2008-06-01,FLIR,0.29,0.27,2008,2,1
27,2008-03-01,FLIR,0.24,0.22,2008,1,1
28,2007-12-01,FLIR,0.3,0.29,2007,4,1
29,2007-09-01,FLIR,0.22,0.195,2007,3,1
30,2007-06-01,FLIR,0.19,0.18,2007,2,1
31,2007-03-01,FLIR,0.175,0.145,2007,1,1
32,2006-12-01,FLIR,0.265,0.25,2006,4,1
33,2006-09-01,FLIR,0.15,0.14800000000000002,2006,3,1
34,2006-06-01,FLIR,0.14,0.14,2006,2,0
35,2006-03-01,FLIR,0.085,0.085,2006,1,0
36,2005-12-01,FLIR,0.215,0.205,2005,4,1
37,2005-09-01,FLIR,0.11,0.11,2005,3,0
38,2005-06-01,FLIR,0.155,0.135,2005,2,1
39,2005-03-01,FLIR,0.095,0.095,2005,1,0
40,2004-12-01,FLIR,0.155,0.145,2004,4,1
41,2004-09-01,FLIR,0.11,0.115,2004,3,0
42,2004-06-01,FLIR,0.125,0.098,2004,2,1
43,2004-03-01,FLIR,0.09,0.078,2004,1,1
44,2003-12-01,FLIR,0.11,0.1,2003,4,1
45,2003-09-01,FLIR,0.08,0.075,2003,3,1
46,2003-06-01,FLIR,0.068,0.075,2003,2,0
47,2003-03-01,FLIR,0.064,0.065,2003,1,0
48,2002-12-01,FLIR,0.08900000000000001,0.085,2002,4,1
49,2002-09-01,FLIR,0.075,0.064,2002,3,1
50,2002-06-01,FLIR,0.068,0.068,2002,2,0
51,2002-03-01,FLIR,0.061,0.059000000000000004,2002,1,1
52,2001-12-01,FLIR,0.076,0.062,2001,4,1
53,2001-09-01,FLIR,0.048,0.0,2001,3,1
54,2001-06-01,FLIR,0.045,0.0,2001,2,1
55,2001-03-01,FLIR,0.034,0.0,2001,1,1
56,2000-12-01,FLIR,0.023,0.0,2000,4,1
57,2000-09-01,FLIR,0.0,0.0,2000,3,0
58,2000-06-01,FLIR,0.0,0.0,2000,2,0
59,2000-03-01,FLIR,0.0,0.0,2000,1,0
0,2015-01-21,SNDK,1.3,1.351,2014,4,0
1,2014-10-16,SNDK,1.45,1.3519999999999999,2014,3,1
2,2014-07-16,SNDK,1.41,1.368,2014,2,1
3,2014-04-16,SNDK,1.44,1.248,2014,1,1
4,2014-01-22,SNDK,1.71,1.5759999999999998,2013,4,1
5,2013-10-16,SNDK,1.59,1.3159999999999998,2013,3,1
6,2013-07-17,SNDK,1.21,0.929,2013,2,1
7,2013-04-17,SNDK,0.84,0.7959999999999999,2013,1,1
8,2013-01-23,SNDK,1.05,0.73,2012,4,1
9,2012-10-18,SNDK,0.48,0.33,2012,3,1
10,2012-07-19,SNDK,0.21,0.19,2012,2,1
11,2012-04-19,SNDK,0.63,0.7,2012,1,0
12,2012-01-25,SNDK,1.29,1.26,2011,4,1
13,2011-10-20,SNDK,1.2,1.07,2011,3,1
14,2011-06-01,SNDK,1.14,1.0,2011,2,1
15,2011-03-01,SNDK,1.03,1.0,2011,1,1
16,2010-12-01,SNDK,1.27,1.09,2010,4,1
17,2010-09-01,SNDK,1.3,1.05,2010,3,1
18,2010-06-01,SNDK,1.08,0.9,2010,2,1
19,2010-03-01,SNDK,0.95,0.59,2010,1,1
20,2009-12-01,SNDK,1.18,0.65,2009,4,1
21,2009-09-01,SNDK,0.75,0.22,2009,3,1
22,2009-06-01,SNDK,0.36,0.0,2009,2,1
23,2009-03-01,SNDK,-0.48,0.0,2009,1,0
24,2008-12-01,SNDK,-1.59,0.0,2008,4,0
25,2008-09-01,SNDK,-0.59,0.0,2008,3,0
26,2008-06-01,SNDK,-0.59,0.11,2008,2,0
27,2008-03-01,SNDK,-0.1,0.265,2008,1,0
28,2007-12-01,SNDK,0.69,0.615,2007,4,1
29,2007-09-01,SNDK,0.54,0.32,2007,3,1
30,2007-06-01,SNDK,0.3,0.16,2007,2,1
31,2007-03-01,SNDK,0.19,0.185,2007,1,1
32,2006-12-01,SNDK,0.87,0.7,2006,4,1
33,2006-09-01,SNDK,0.61,0.575,2006,3,1
34,2006-06-01,SNDK,0.58,0.45,2006,2,1
35,2006-03-01,SNDK,0.44,0.45,2006,1,0
36,2005-12-01,SNDK,0.68,0.61,2005,4,1
37,2005-09-01,SNDK,0.55,0.35,2005,3,1
38,2005-06-01,SNDK,0.37,0.32,2005,2,1
39,2005-03-01,SNDK,0.39,0.31,2005,1,1
40,2004-12-01,SNDK,0.42,0.29,2004,4,1
41,2004-09-01,SNDK,0.29,0.34,2004,3,0
42,2004-06-01,SNDK,0.38,0.3,2004,2,1
43,2004-03-01,SNDK,0.34,0.318,2004,1,1
44,2003-12-01,SNDK,0.47,0.38299999999999995,2003,4,1
45,2003-09-01,SNDK,0.3,0.215,2003,3,1
46,2003-06-01,SNDK,0.26,0.163,2003,2,1
47,2003-03-01,SNDK,0.165,0.08800000000000001,2003,1,1
48,2002-12-01,SNDK,0.13,0.0,2002,4,1
49,2002-09-01,SNDK,0.08,0.0,2002,3,1
50,2002-06-01,SNDK,0.065,0.0,2002,2,1
51,2002-03-01,SNDK,0.0,0.0,2002,1,0
52,2001-12-01,SNDK,0.0,0.0,2001,4,0
53,2001-09-01,SNDK,0.0,0.0,2001,3,0
54,2001-06-01,SNDK,0.02,0.0,2001,2,1
55,2001-03-01,SNDK,0.0,0.0,2001,1,0
56,2000-12-01,SNDK,0.205,0.0,2000,4,1
57,2000-09-01,SNDK,0.175,0.0,2000,3,1
58,2000-06-01,SNDK,0.165,0.0,2000,2,1
59,2000-03-01,SNDK,0.105,0.0,2000,1,1
0,2014-05-15,CA,0.61,0.604,2014,4,1
1,2014-01-21,CA,0.84,0.718,2014,3,1
2,2013-10-24,CA,0.86,0.716,2014,2,1
3,2013-07-24,CA,0.78,0.7340000000000001,2014,1,1
4,2013-05-07,CA,0.68,0.562,2013,4,1
5,2013-01-22,CA,0.63,0.61,2013,3,1
6,2012-10-25,CA,0.59,0.59,2013,2,0
7,2012-07-26,CA,0.63,0.61,2013,1,1
8,2012-05-10,CA,0.56,0.52,2012,4,1
9,2012-01-24,CA,0.65,0.54,2012,3,1
10,2011-10-26,CA,0.51,0.49,2012,2,1
11,2011-07-20,CA,0.55,0.51,2012,1,1
12,2011-05-12,CA,0.48,0.5,2011,4,0
13,2011-01-25,CA,0.5,0.49,2011,3,1
14,2010-10-21,CA,0.48,0.47,2011,2,1
15,2010-07-21,CA,0.45,0.42,2011,1,1
16,2010-03-01,CA,0.37,0.34,2010,4,1
17,2009-12-01,CA,0.46,0.43,2010,3,1
18,2009-09-01,CA,0.45,0.42,2010,2,1
19,2009-06-01,CA,0.44,0.42,2010,1,1
20,2009-03-01,CA,0.31,0.29,2009,4,1
21,2008-12-01,CA,0.43,0.43,2009,3,0
22,2008-09-01,CA,0.4,0.42,2009,2,0
23,2008-06-01,CA,0.4,0.42,2009,1,0
24,2008-03-01,CA,0.22,0.29,2008,4,0
25,2007-12-01,CA,0.36,0.245,2008,3,1
26,2007-09-01,CA,0.32,0.25,2008,2,1
27,2007-06-01,CA,0.29,0.235,2008,1,1
28,2007-03-01,CA,0.2,0.19,2007,4,1
29,2006-12-01,CA,0.24,0.215,2007,3,1
30,2006-09-01,CA,0.25,0.2,2007,2,1
31,2006-06-01,CA,0.17,0.13,2007,1,1
32,2006-03-01,CA,0.14,0.14,2006,4,0
33,2005-12-01,CA,0.24,0.24,2006,3,0
34,2005-09-01,CA,0.24,0.24,2006,2,0
35,2005-06-01,CA,0.22,0.22,2006,1,0
36,2005-03-01,CA,0.2,0.2,2005,4,0
37,2004-12-01,CA,0.19,0.19,2005,3,0
38,2004-09-01,CA,0.18,0.16,2005,2,1
39,2004-06-01,CA,0.21,0.18,2005,1,1
40,2004-03-01,CA,0.18,0.17,2004,4,1
41,2003-12-01,CA,0.16,0.15,2004,3,1
42,2003-09-01,CA,0.14,0.14,2004,2,0
43,2003-06-01,CA,0.14,0.09,2004,1,1
44,2003-03-01,CA,0.08,0.06,2003,4,1
45,2002-12-01,CA,0.05,0.04,2003,3,1
46,2002-09-01,CA,0.04,0.02,2003,2,1
47,2002-06-01,CA,0.02,0.0,2003,1,1
48,2002-03-01,CA,0.0,0.0,2002,4,0
49,2001-12-01,CA,0.71,0.61,2002,3,1
50,2001-09-01,CA,0.61,0.53,2002,2,1
51,2001-06-01,CA,0.55,0.48,2002,1,1
52,2001-03-01,CA,0.47,0.47,2001,4,0
53,2000-12-01,CA,0.42,0.4,2001,3,1
54,2000-09-01,CA,0.54,0.525,2001,2,1
55,2000-06-01,CA,0.14,0.14,2001,1,0
56,2000-03-01,CA,1.13,1.13,2000,4,0
57,1999-12-01,CA,0.91,0.76,2000,3,1
58,1999-09-01,CA,0.75,0.745,2000,2,1
59,1999-06-01,CA,0.49,0.39,2000,1,1
0,2015-01-15,INTC,0.74,0.664,2014,4,1
1,2014-10-14,INTC,0.66,0.65,2014,3,1
2,2014-07-15,INTC,0.55,0.523,2014,2,1
3,2014-04-15,INTC,0.38,0.369,2014,1,1
4,2014-01-16,INTC,0.51,0.52,2013,4,0
5,2013-10-15,INTC,0.58,0.531,2013,3,1
6,2013-07-17,INTC,0.39,0.395,2013,2,0
7,2013-04-16,INTC,0.4,0.41600000000000004,2013,1,0
8,2013-01-17,INTC,0.51,0.45,2012,4,1
9,2012-10-16,INTC,0.58,0.5,2012,3,1
10,2012-07-17,INTC,0.54,0.52,2012,2,1
11,2012-04-17,INTC,0.56,0.5,2012,1,1
12,2012-01-19,INTC,0.64,0.61,2011,4,1
13,2011-10-18,INTC,0.69,0.61,2011,3,1
14,2011-07-20,INTC,0.59,0.51,2011,2,1
15,2011-04-19,INTC,0.58,0.46,2011,1,1
16,2011-01-13,INTC,0.56,0.53,2010,4,1
17,2010-09-01,INTC,0.52,0.5,2010,3,1
18,2010-06-01,INTC,0.51,0.43,2010,2,1
19,2010-03-01,INTC,0.43,0.38,2010,1,1
20,2009-12-01,INTC,0.55,0.45,2009,4,1
21,2009-09-01,INTC,0.33,0.27,2009,3,1
22,2009-06-01,INTC,0.18,0.08,2009,2,1
23,2009-03-01,INTC,0.11,0.02,2009,1,1
24,2008-12-01,INTC,0.15,0.04,2008,4,1
25,2008-09-01,INTC,0.15,0.34,2008,3,0
26,2008-06-01,INTC,0.28,0.25,2008,2,1
27,2008-03-01,INTC,0.29,0.25,2008,1,1
28,2007-12-01,INTC,0.41,0.4,2007,4,1
29,2007-09-01,INTC,0.3,0.3,2007,3,0
30,2007-06-01,INTC,0.19,0.19,2007,2,0
31,2007-03-01,INTC,0.22,0.22,2007,1,0
32,2006-12-01,INTC,0.25,0.24,2006,4,1
33,2006-09-01,INTC,0.21,0.17,2006,3,1
34,2006-06-01,INTC,0.15,0.13,2006,2,1
35,2006-03-01,INTC,0.23,0.22,2006,1,1
36,2005-12-01,INTC,0.4,0.43,2005,4,0
37,2005-09-01,INTC,0.38,0.36,2005,3,1
38,2005-06-01,INTC,0.33,0.33,2005,2,0
39,2005-03-01,INTC,0.34,0.31,2005,1,1
40,2004-12-01,INTC,0.33,0.31,2004,4,1
41,2004-09-01,INTC,0.264,0.27,2004,3,0
42,2004-06-01,INTC,0.27,0.27,2004,2,0
43,2004-03-01,INTC,0.27699999999999997,0.27,2004,1,1
44,2003-12-01,INTC,0.27,0.25,2003,4,1
45,2003-09-01,INTC,0.25,0.23,2003,3,1
46,2003-06-01,INTC,0.14,0.13,2003,2,1
47,2003-03-01,INTC,0.14,0.12,2003,1,1
48,2002-12-01,INTC,0.16,0.14,2002,4,1
49,2002-09-01,INTC,0.11,0.13,2002,3,0
50,2002-06-01,INTC,0.1,0.11,2002,2,0
51,2002-03-01,INTC,0.15,0.15,2002,1,0
52,2001-12-01,INTC,0.15,0.11,2001,4,1
53,2001-09-01,INTC,0.1,0.1,2001,3,0
54,2001-06-01,INTC,0.12,0.11,2001,2,1
55,2001-03-01,INTC,0.16,0.15,2001,1,1
56,2000-12-01,INTC,0.38,0.38,2000,4,0
57,2000-09-01,INTC,0.41,0.38,2000,3,1
58,2000-06-01,INTC,0.5,0.49,2000,2,1
59,2000-03-01,INTC,0.44,0.348,2000,1,1
0,2015-02-10,CERN,0.47,0.466,2014,4,1
1,2014-10-23,CERN,0.42,0.421,2014,3,0
2,2014-07-24,CERN,0.4,0.396,2014,2,1
3,2014-04-24,CERN,0.37,0.371,2014,1,0
4,2014-02-04,CERN,0.39,0.389,2013,4,1
5,2013-10-24,CERN,0.35,0.354,2013,3,0
6,2013-07-25,CERN,0.34,0.338,2013,2,1
7,2013-04-25,CERN,0.33,0.32,2013,1,1
8,2013-02-05,CERN,0.34,0.32,2012,4,1
9,2012-10-25,CERN,0.3,0.3,2012,3,0
10,2012-07-26,CERN,0.3,0.28,2012,2,1
11,2012-04-26,CERN,0.27,0.25,2012,1,1
12,2012-02-07,CERN,0.28,0.27,2011,4,1
13,2011-10-27,CERN,0.24,0.24,2011,3,0
14,2011-07-28,CERN,0.22,0.22,2011,2,0
15,2011-04-28,CERN,0.2,0.19,2011,1,1
16,2011-02-08,CERN,0.22,0.21,2010,4,1
17,2010-10-28,CERN,0.19,0.19,2010,3,0
18,2010-07-28,CERN,0.18,0.17,2010,2,1
19,2010-04-28,CERN,0.16,0.15,2010,1,1
20,2010-02-09,CERN,0.19,0.17,2009,4,1
21,2009-10-28,CERN,0.16,0.14,2009,3,1
22,2009-06-01,CERN,0.14,0.14,2009,2,0
23,2009-03-01,CERN,0.13,0.12,2009,1,1
24,2008-12-01,CERN,0.17,0.15,2008,4,1
25,2008-09-01,CERN,0.14,0.13,2008,3,1
26,2008-06-01,CERN,0.13,0.12,2008,2,1
27,2008-03-01,CERN,0.12,0.1,2008,1,1
28,2007-12-01,CERN,0.13,0.12,2007,4,1
29,2007-09-01,CERN,0.1,0.1,2007,3,0
30,2007-06-01,CERN,0.09,0.09,2007,2,0
31,2007-03-01,CERN,0.08,0.08,2007,1,0
32,2006-12-01,CERN,0.1,0.09,2006,4,1
33,2006-09-01,CERN,0.08,0.08,2006,3,0
34,2006-06-01,CERN,0.08,0.08,2006,2,0
35,2006-03-01,CERN,0.07,0.07,2006,1,0
36,2005-12-01,CERN,0.09,0.09,2005,4,0
37,2005-09-01,CERN,0.07,0.07,2005,3,0
38,2005-06-01,CERN,0.06,0.06,2005,2,0
39,2005-03-01,CERN,0.05,0.05,2005,1,0
40,2004-12-01,CERN,0.07,0.07,2004,4,0
41,2004-09-01,CERN,0.06,0.06,2004,3,0
42,2004-06-01,CERN,0.05,0.05,2004,2,0
43,2004-03-01,CERN,0.04,0.04,2004,1,0
44,2003-12-01,CERN,0.06,0.05,2003,4,1
45,2003-09-01,CERN,0.04,0.04,2003,3,0
46,2003-06-01,CERN,0.03,0.03,2003,2,0
47,2003-03-01,CERN,0.02,0.02,2003,1,0
48,2002-12-01,CERN,0.05,0.05,2002,4,0
49,2002-09-01,CERN,0.05,0.05,2002,3,0
50,2002-06-01,CERN,0.04,0.04,2002,2,0
51,2002-03-01,CERN,0.04,0.03,2002,1,1
52,2001-12-01,CERN,0.04,0.04,2001,4,0
53,2001-09-01,CERN,0.03,0.03,2001,3,0
54,2001-06-01,CERN,0.03,0.02,2001,2,1
55,2001-03-01,CERN,0.02,0.02,2001,1,0
56,2000-12-01,CERN,0.03,0.02,2000,4,1
57,2000-09-01,CERN,0.02,0.02,2000,3,0
58,2000-06-01,CERN,0.02,0.01,2000,2,1
59,2000-03-01,CERN,0.01,0.0,2000,1,1
0,2015-01-29,BRCM,0.9,0.866,2014,4,1
1,2014-10-21,BRCM,0.91,0.833,2014,3,1
2,2014-07-22,BRCM,0.65,0.611,2014,2,1
3,2014-04-24,BRCM,0.51,0.461,2014,1,1
4,2014-01-30,BRCM,0.6,0.563,2013,4,1
5,2013-10-22,BRCM,0.76,0.69,2013,3,1
6,2013-07-23,BRCM,0.7,0.696,2013,2,1
7,2013-04-23,BRCM,0.65,0.565,2013,1,1
8,2013-01-29,BRCM,0.76,0.73,2012,4,1
9,2012-10-23,BRCM,0.79,0.77,2012,3,1
10,2012-07-24,BRCM,0.72,0.67,2012,2,1
11,2012-05-01,BRCM,0.65,0.55,2012,1,1
12,2012-01-31,BRCM,0.68,0.65,2011,4,1
13,2011-10-25,BRCM,0.81,0.77,2011,3,1
14,2011-07-25,BRCM,0.72,0.63,2011,2,1
15,2011-04-26,BRCM,0.68,0.59,2011,1,1
16,2011-02-01,BRCM,0.83,0.74,2010,4,1
17,2010-09-01,BRCM,0.8,0.71,2010,3,1
18,2010-06-01,BRCM,0.74,0.62,2010,2,1
19,2010-03-01,BRCM,0.64,0.47,2010,1,1
20,2009-12-01,BRCM,0.3,0.44,2009,4,0
21,2009-09-01,BRCM,0.16,0.335,2009,3,0
22,2009-06-01,BRCM,0.03,0.13,2009,2,0
23,2009-03-01,BRCM,-0.19,0.03,2009,1,0
24,2008-12-01,BRCM,0.08,0.26,2008,4,0
25,2008-09-01,BRCM,0.31,0.44,2008,3,0
26,2008-06-01,BRCM,0.25,0.35,2008,2,0
27,2008-03-01,BRCM,0.14,0.275,2008,1,0
28,2007-12-01,BRCM,0.16,0.11,2007,4,1
29,2007-09-01,BRCM,0.05,0.07,2007,3,0
30,2007-06-01,BRCM,0.08,0.08,2007,2,0
31,2007-03-01,BRCM,0.1,0.1,2007,1,0
32,2006-12-01,BRCM,0.15,0.155,2006,4,0
33,2006-09-01,BRCM,0.15,0.16,2006,3,0
34,2006-06-01,BRCM,0.18,0.2,2006,2,0
35,2006-03-01,BRCM,0.22,0.18,2006,1,1
36,2005-12-01,BRCM,0.33299999999999996,0.293,2005,4,1
37,2005-09-01,BRCM,0.26,0.253,2005,3,1
38,2005-06-01,BRCM,0.22699999999999998,0.16699999999999998,2005,2,1
39,2005-03-01,BRCM,0.153,0.147,2005,1,1
40,2004-12-01,BRCM,0.153,0.147,2004,4,1
41,2004-09-01,BRCM,0.24,0.22699999999999998,2004,3,1
42,2004-06-01,BRCM,0.233,0.213,2004,2,1
43,2004-03-01,BRCM,0.193,0.18,2004,1,1
44,2003-12-01,BRCM,0.127,0.107,2003,4,1
45,2003-09-01,BRCM,0.09300000000000001,0.087,2003,3,1
46,2003-06-01,BRCM,0.067,0.06,2003,2,1
47,2003-03-01,BRCM,0.04,0.013000000000000001,2003,1,1
48,2002-12-01,BRCM,0.0,0.0,2002,4,0
49,2002-09-01,BRCM,0.0,0.0,2002,3,0
50,2002-06-01,BRCM,0.0,0.0,2002,2,0
51,2002-03-01,BRCM,0.0,0.0,2002,1,0
52,2001-12-01,BRCM,0.0,0.0,2001,4,0
53,2001-09-01,BRCM,0.0,0.0,2001,3,0
54,2001-06-01,BRCM,0.0,0.0,2001,2,0
55,2001-03-01,BRCM,0.06,0.06,2001,1,0
56,2000-12-01,BRCM,0.213,0.207,2000,4,1
57,2000-09-01,BRCM,0.2,0.16,2000,3,1
58,2000-06-01,BRCM,0.153,0.147,2000,2,1
59,2000-03-01,BRCM,0.12,0.107,2000,1,1
0,2014-07-30,LRCX,1.25,1.2209999999999999,2014,4,1
1,2014-04-23,LRCX,1.26,1.16,2014,3,1
2,2014-01-29,LRCX,1.1,1.0270000000000001,2014,2,1
3,2013-10-23,LRCX,0.81,0.7090000000000001,2014,1,1
4,2013-07-31,LRCX,0.8,0.725,2013,4,1
5,2013-04-24,LRCX,0.44,0.37799999999999995,2013,3,1
6,2013-01-23,LRCX,0.45,0.45,2013,2,0
7,2012-10-17,LRCX,0.53,0.41,2013,1,1
8,2012-07-25,LRCX,0.6,0.63,2012,4,0
9,2012-04-18,LRCX,0.5,0.45,2012,3,1
10,2012-01-25,LRCX,0.34,0.3,2012,2,1
11,2011-10-19,LRCX,0.63,0.65,2012,1,0
12,2011-07-27,LRCX,1.14,1.09,2011,4,1
13,2011-04-20,LRCX,1.45,1.36,2011,3,1
14,2011-01-26,LRCX,1.74,1.57,2011,2,1
15,2010-10-20,LRCX,1.52,1.38,2011,1,1
16,2010-07-28,LRCX,1.17,1.17,2010,4,0
17,2010-04-21,LRCX,0.94,0.94,2010,3,0
18,2010-01-27,LRCX,0.47,0.47,2010,2,0
19,2009-09-01,LRCX,0.03,0.03,2010,1,0
20,2009-06-01,LRCX,-0.45,0.0,2009,4,0
21,2009-03-01,LRCX,-0.71,0.0,2009,3,0
22,2008-12-01,LRCX,-0.09,0.47,2009,2,0
23,2008-09-01,LRCX,0.26,0.03,2009,1,1
24,2008-06-01,LRCX,0.6,0.39,2008,4,1
25,2008-03-01,LRCX,0.87,0.91,2008,3,0
26,2007-12-01,LRCX,0.94,1.03,2008,2,0
27,2007-09-01,LRCX,1.18,1.295,2008,1,0
28,2007-06-01,LRCX,1.26,1.27,2007,4,0
29,2007-03-01,LRCX,1.15,1.06,2007,3,1
30,2006-12-01,LRCX,1.15,1.1,2007,2,1
31,2006-09-01,LRCX,1.13,1.02,2007,1,1
32,2006-06-01,LRCX,0.96,0.83,2006,4,1
33,2006-03-01,LRCX,0.65,0.61,2006,3,1
34,2005-12-01,LRCX,0.55,0.38,2006,2,1
35,2005-09-01,LRCX,0.35,0.3,2006,1,1
36,2005-06-01,LRCX,0.47,0.43,2005,4,1
37,2005-03-01,LRCX,0.44,0.43,2005,3,1
38,2004-12-01,LRCX,0.59,0.53,2005,2,1
39,2004-09-01,LRCX,0.64,0.58,2005,1,1
40,2004-06-01,LRCX,0.37,0.25,2004,4,1
41,2004-03-01,LRCX,0.14,0.1,2004,3,1
42,2003-12-01,LRCX,0.07,0.05,2004,2,1
43,2003-09-01,LRCX,0.04,0.03,2004,1,1
44,2003-06-01,LRCX,0.02,0.02,2003,4,0
45,2003-03-01,LRCX,0.03,0.0,2003,3,1
46,2002-12-01,LRCX,0.02,0.0,2003,2,1
47,2002-09-01,LRCX,0.02,0.01,2003,1,1
48,2002-06-01,LRCX,0.0,0.0,2002,4,0
49,2002-03-01,LRCX,0.0,0.0,2002,3,0
50,2001-12-01,LRCX,0.03,0.0,2002,2,1
51,2001-09-01,LRCX,0.21,0.16,2002,1,1
52,2001-06-01,LRCX,0.28,0.15,2001,4,1
53,2001-03-01,LRCX,0.33,0.36,2001,3,0
54,2000-12-01,LRCX,0.58,0.53,2001,2,1
55,2000-09-01,LRCX,0.48,0.43,2001,1,1
56,2000-06-01,LRCX,0.45,0.43,2000,4,1
57,2000-03-01,LRCX,0.37,0.365,2000,3,1
58,1999-12-01,LRCX,0.33,0.24,2000,2,1
59,1999-09-01,LRCX,0.19,0.17,2000,1,1
0,2014-05-08,SYMC,0.47,0.41600000000000004,2014,4,1
1,2014-01-29,SYMC,0.51,0.426,2014,3,1
2,2013-10-23,SYMC,0.5,0.435,2014,2,1
3,2013-07-30,SYMC,0.44,0.365,2014,1,1
4,2013-05-07,SYMC,0.44,0.382,2013,4,1
5,2013-01-23,SYMC,0.45,0.38,2013,3,1
6,2012-10-24,SYMC,0.45,0.37,2013,2,1
7,2012-07-25,SYMC,0.43,0.38,2013,1,1
8,2012-05-02,SYMC,0.38,0.38,2012,4,0
9,2012-01-25,SYMC,0.42,0.41,2012,3,1
10,2011-10-26,SYMC,0.39,0.39,2012,2,0
11,2011-06-01,SYMC,0.4,0.37,2012,1,1
12,2011-03-01,SYMC,0.38,0.36,2011,4,1
13,2010-12-01,SYMC,0.35,0.33,2011,3,1
14,2010-09-01,SYMC,0.34,0.28,2011,2,1
15,2010-06-01,SYMC,0.35,0.35,2011,1,0
16,2010-03-01,SYMC,0.4,0.4,2010,4,0
17,2009-12-01,SYMC,0.4,0.4,2010,3,0
18,2009-09-01,SYMC,0.36,0.36,2010,2,0
19,2009-06-01,SYMC,0.33,0.34,2010,1,0
20,2009-03-01,SYMC,0.38,0.35,2009,4,1
21,2008-12-01,SYMC,0.42,0.4,2009,3,1
22,2008-09-01,SYMC,0.37,0.36,2009,2,1
23,2008-06-01,SYMC,0.4,0.34,2009,1,1
24,2008-03-01,SYMC,0.36,0.34,2008,4,1
25,2007-12-01,SYMC,0.33,0.29,2008,3,1
26,2007-09-01,SYMC,0.29,0.26,2008,2,1
27,2007-06-01,SYMC,0.29,0.2,2008,1,1
28,2007-03-01,SYMC,0.24,0.2,2007,4,1
29,2006-12-01,SYMC,0.26,0.25,2007,3,1
30,2006-09-01,SYMC,0.22,0.23,2007,2,0
31,2006-06-01,SYMC,0.18,0.175,2007,1,1
32,2006-03-01,SYMC,0.26,0.25,2006,4,1
33,2005-12-01,SYMC,0.26,0.25,2006,3,1
34,2005-09-01,SYMC,0.23,0.2,2006,2,1
35,2005-06-01,SYMC,0.27,0.25,2006,1,1
36,2005-03-01,SYMC,0.25,0.24,2005,4,1
37,2004-12-01,SYMC,0.24,0.22,2005,3,1
38,2004-09-01,SYMC,0.205,0.195,2005,2,1
39,2004-06-01,SYMC,0.195,0.17,2005,1,1
40,2004-03-01,SYMC,0.175,0.17,2004,4,1
41,2003-12-01,SYMC,0.17,0.145,2004,3,1
42,2003-09-01,SYMC,0.133,0.115,2004,2,1
43,2003-06-01,SYMC,0.113,0.098,2004,1,1
44,2003-03-01,SYMC,0.11800000000000001,0.115,2003,4,1
45,2002-12-01,SYMC,0.11800000000000001,0.096,2003,3,1
46,2002-09-01,SYMC,0.095,0.078,2003,2,1
47,2002-06-01,SYMC,0.10300000000000001,0.08,2003,1,1
48,2002-03-01,SYMC,0.10300000000000001,0.08800000000000001,2002,4,1
49,2001-12-01,SYMC,0.098,0.079,2002,3,1
50,2001-09-01,SYMC,0.07,0.054000000000000006,2002,2,1
51,2001-06-01,SYMC,0.055,0.054000000000000006,2002,1,1
52,2001-03-01,SYMC,0.078,0.075,2001,4,1
53,2000-12-01,SYMC,0.065,0.0,2001,3,1
54,2000-09-01,SYMC,0.076,0.0,2001,2,1
55,2000-06-01,SYMC,0.075,0.0,2001,1,1
56,2000-03-01,SYMC,0.069,0.0,2000,4,1
57,1999-12-01,SYMC,0.063,0.0,2000,3,1
58,1999-09-01,SYMC,0.054000000000000006,0.0,2000,2,1
59,1999-06-01,SYMC,0.049,0.0,2000,1,1
0,2015-01-28,CTXS,1.1,1.035,2014,4,1
1,2014-10-22,CTXS,0.75,0.726,2014,3,1
2,2014-07-23,CTXS,0.78,0.605,2014,2,1
3,2014-04-23,CTXS,0.64,0.584,2014,1,1
4,2014-01-29,CTXS,1.04,0.977,2013,4,1
5,2013-10-23,CTXS,0.7,0.6940000000000001,2013,3,1
6,2013-07-24,CTXS,0.66,0.627,2013,2,1
7,2013-04-24,CTXS,0.62,0.631,2013,1,0
8,2013-01-30,CTXS,0.9,0.84,2012,4,1
9,2012-10-24,CTXS,0.68,0.65,2012,3,1
10,2012-07-25,CTXS,0.71,0.59,2012,2,1
11,2012-04-25,CTXS,0.59,0.51,2012,1,1
12,2012-01-25,CTXS,0.78,0.76,2011,4,1
13,2011-10-27,CTXS,0.64,0.58,2011,3,1
14,2011-06-01,CTXS,0.57,0.55,2011,2,1
15,2011-03-01,CTXS,0.5,0.42,2011,1,1
16,2010-12-01,CTXS,0.65,0.6,2010,4,1
17,2010-09-01,CTXS,0.62,0.49,2010,3,1
18,2010-06-01,CTXS,0.41,0.45,2010,2,0
19,2010-03-01,CTXS,0.4,0.4,2010,1,0
20,2009-12-01,CTXS,0.66,0.51,2009,4,1
21,2009-09-01,CTXS,0.43,0.41,2009,3,1
22,2009-06-01,CTXS,0.39,0.38,2009,2,1
23,2009-03-01,CTXS,0.32,0.31,2009,1,1
24,2008-12-01,CTXS,0.48,0.47,2008,4,1
25,2008-09-01,CTXS,0.43,0.37,2008,3,1
26,2008-06-01,CTXS,0.38,0.36,2008,2,1
27,2008-03-01,CTXS,0.35,0.34,2008,1,1
28,2007-12-01,CTXS,0.49,0.43,2007,4,1
29,2007-09-01,CTXS,0.41,0.38,2007,3,1
30,2007-06-01,CTXS,0.38,0.37,2007,2,1
31,2007-03-01,CTXS,0.31,0.35,2007,1,0
32,2006-12-01,CTXS,0.39,0.38,2006,4,1
33,2006-09-01,CTXS,0.34,0.33,2006,3,1
34,2006-06-01,CTXS,0.33,0.33,2006,2,0
35,2006-03-01,CTXS,0.33,0.28,2006,1,1
36,2005-12-01,CTXS,0.36,0.317,2005,4,1
37,2005-09-01,CTXS,0.29,0.25,2005,3,1
38,2005-06-01,CTXS,0.27,0.25,2005,2,1
39,2005-03-01,CTXS,0.24,0.23,2005,1,1
40,2004-12-01,CTXS,0.29,0.27,2004,4,1
41,2004-09-01,CTXS,0.24,0.2,2004,3,1
42,2004-06-01,CTXS,0.18,0.18,2004,2,0
43,2004-03-01,CTXS,0.19,0.18,2004,1,1
44,2003-12-01,CTXS,0.22,0.19,2003,4,1
45,2003-09-01,CTXS,0.19,0.17,2003,3,1
46,2003-06-01,CTXS,0.18,0.16,2003,2,1
47,2003-03-01,CTXS,0.19,0.12,2003,1,1
48,2002-12-01,CTXS,0.23,0.15,2002,4,1
49,2002-09-01,CTXS,0.1,0.06,2002,3,1
50,2002-06-01,CTXS,0.06,0.06,2002,2,0
51,2002-03-01,CTXS,0.16,0.15,2002,1,1
52,2001-12-01,CTXS,0.21,0.2,2001,4,1
53,2001-09-01,CTXS,0.21,0.19,2001,3,1
54,2001-06-01,CTXS,0.19,0.17,2001,2,1
55,2001-03-01,CTXS,0.17,0.165,2001,1,1
56,2000-12-01,CTXS,0.16,0.15,2000,4,1
57,2000-09-01,CTXS,0.14,0.12,2000,3,1
58,2000-06-01,CTXS,0.1,0.1,2000,2,0
59,2000-03-01,CTXS,0.21,0.2,2000,1,1
0,2015-01-26,TXN,0.69,0.693,2014,4,0
1,2014-10-20,TXN,0.76,0.7140000000000001,2014,3,1
2,2014-07-21,TXN,0.62,0.59,2014,2,1
3,2014-04-23,TXN,0.44,0.40700000000000003,2014,1,1
4,2014-01-21,TXN,0.46,0.466,2013,4,0
5,2013-10-21,TXN,0.56,0.532,2013,3,1
6,2013-07-22,TXN,0.42,0.42,2013,2,0
7,2013-04-22,TXN,0.32,0.303,2013,1,1
8,2013-01-22,TXN,0.36,0.33,2012,4,1
9,2012-10-22,TXN,0.52,0.46,2012,3,1
10,2012-07-23,TXN,0.44,0.41,2012,2,1
11,2012-04-23,TXN,0.32,0.29,2012,1,1
12,2012-01-23,TXN,0.48,0.39,2011,4,1
13,2011-10-24,TXN,0.6,0.57,2011,3,1
14,2011-07-25,TXN,0.56,0.53,2011,2,1
15,2011-04-18,TXN,0.57,0.58,2011,1,0
16,2011-01-24,TXN,0.64,0.63,2010,4,1
17,2010-09-01,TXN,0.71,0.69,2010,3,1
18,2010-06-01,TXN,0.62,0.62,2010,2,0
19,2010-03-01,TXN,0.52,0.51,2010,1,1
20,2009-12-01,TXN,0.51,0.5,2009,4,1
21,2009-09-01,TXN,0.42,0.4,2009,3,1
22,2009-06-01,TXN,0.25,0.23,2009,2,1
23,2009-03-01,TXN,0.07,0.005,2009,1,1
24,2008-12-01,TXN,0.16,0.125,2008,4,1
25,2008-09-01,TXN,0.4,0.44,2008,3,0
26,2008-06-01,TXN,0.44,0.455,2008,2,0
27,2008-03-01,TXN,0.43,0.43,2008,1,0
28,2007-12-01,TXN,0.53,0.52,2007,4,1
29,2007-09-01,TXN,0.5,0.49,2007,3,1
30,2007-06-01,TXN,0.42,0.42,2007,2,0
31,2007-03-01,TXN,0.35,0.31,2007,1,1
32,2006-12-01,TXN,0.39,0.38,2006,4,1
33,2006-09-01,TXN,0.45,0.45,2006,3,0
34,2006-06-01,TXN,0.47,0.47,2006,2,0
35,2006-03-01,TXN,0.33,0.32,2006,1,1
36,2005-12-01,TXN,0.43,0.42,2005,4,1
37,2005-09-01,TXN,0.41,0.4,2005,3,1
38,2005-06-01,TXN,0.32,0.29,2005,2,1
39,2005-03-01,TXN,0.24,0.23,2005,1,1
40,2004-12-01,TXN,0.26,0.26,2004,4,0
41,2004-09-01,TXN,0.32,0.28,2004,3,1
42,2004-06-01,TXN,0.25,0.25,2004,2,0
43,2004-03-01,TXN,0.21,0.21,2004,1,0
44,2003-12-01,TXN,0.2,0.19,2003,4,1
45,2003-09-01,TXN,0.12,0.09,2003,3,1
46,2003-06-01,TXN,0.07,0.06,2003,2,1
47,2003-03-01,TXN,0.07,0.06,2003,1,1
48,2002-12-01,TXN,0.06,0.03,2002,4,1
49,2002-09-01,TXN,0.09,0.1,2002,3,0
50,2002-06-01,TXN,0.06,0.06,2002,2,0
51,2002-03-01,TXN,0.01,0.0,2002,1,1
52,2001-12-01,TXN,0.0,0.0,2001,4,0
53,2001-09-01,TXN,0.0,0.0,2001,3,0
54,2001-06-01,TXN,0.03,0.025,2001,2,1
55,2001-03-01,TXN,0.18,0.16,2001,1,1
56,2000-12-01,TXN,0.31,0.33,2000,4,0
57,2000-09-01,TXN,0.33,0.33,2000,3,0
58,2000-06-01,TXN,0.31,0.3,2000,2,1
59,2000-03-01,TXN,0.28,0.27,2000,1,1
0,2015-01-29,GOOGL,6.88,7.132999999999999,2014,4,0
1,2014-10-16,GOOGL,6.35,6.4639999999999995,2014,3,0
2,2014-07-17,GOOGL,6.08,6.229,2014,2,0
3,2014-04-16,GOOGL,6.27,6.19,2014,1,1
4,2014-01-30,GOOGL,6.01,6.19,2013,4,0
5,2013-10-17,GOOGL,5.37,5.17,2013,3,1
6,2013-07-18,GOOGL,4.78,5.4,2013,2,0
7,2013-04-18,GOOGL,5.79,5.31,2013,1,1
8,2013-01-22,GOOGL,5.33,5.29,2012,4,1
9,2012-10-18,GOOGL,4.51,5.33,2012,3,0
10,2012-07-19,GOOGL,5.06,5.02,2012,2,1
11,2012-04-12,GOOGL,5.04,4.83,2012,1,1
12,2012-01-19,GOOGL,4.75,5.25,2011,4,0
13,2011-10-13,GOOGL,4.86,4.37,2011,3,1
14,2011-06-01,GOOGL,4.37,3.93,2011,2,1
15,2011-03-01,GOOGL,4.04,4.07,2011,1,0
16,2010-12-01,GOOGL,4.38,4.05,2010,4,1
17,2010-09-01,GOOGL,3.82,3.35,2010,3,1
18,2010-06-01,GOOGL,3.23,3.26,2010,2,0
19,2010-03-01,GOOGL,3.38,3.3,2010,1,1
20,2009-12-01,GOOGL,3.4,3.26,2009,4,1
21,2009-09-01,GOOGL,2.95,2.72,2009,3,1
22,2009-06-01,GOOGL,2.68,2.54,2009,2,1
23,2009-03-01,GOOGL,2.58,2.46,2009,1,1
24,2008-12-01,GOOGL,2.55,2.49,2008,4,1
25,2008-09-01,GOOGL,2.55,2.37,2008,3,1
26,2008-06-01,GOOGL,2.46,2.35,2008,2,1
27,2008-03-01,GOOGL,2.42,2.26,2008,1,1
28,2007-12-01,GOOGL,2.22,2.24,2007,4,0
29,2007-09-01,GOOGL,1.96,1.89,2007,3,1
30,2007-06-01,GOOGL,1.78,1.8,2007,2,0
31,2007-03-01,GOOGL,1.84,1.65,2007,1,1
32,2006-12-01,GOOGL,1.59,1.46,2006,4,1
33,2006-09-01,GOOGL,1.31,1.2,2006,3,1
34,2006-06-01,GOOGL,1.25,1.11,2006,2,1
35,2006-03-01,GOOGL,1.15,1.0,2006,1,1
36,2005-12-01,GOOGL,0.77,0.89,2005,4,0
37,2005-09-01,GOOGL,0.76,0.68,2005,3,1
38,2005-06-01,GOOGL,0.68,0.61,2005,2,1
39,2005-03-01,GOOGL,0.65,0.46,2005,1,1
40,2004-12-01,GOOGL,0.46,0.39,2004,4,1
41,2004-09-01,GOOGL,0.35,0.28,2004,3,1
42,2004-06-01,GOOGL,0.29,0.0,2004,2,1
43,2004-03-01,GOOGL,0.24,0.0,2004,1,1
